e_australia;Australia;Australia;Australia;Australia;Australia;Australia;Australia;Australia;Australia;Australia;Australia;Australia;Australia;x
e_australia_empire_adj;Australia;Australia;Australia;Australia;Australia;Australia;Australia;Australia;Australia;Australia;Australia;Australia;Australia;x
k_western_australia;Australia;;;;;;;;;;;;;x
k_western_australia_adj;Australia;;;;;;;;;;;;;x
d_geralkun;Geralkun;;;;;;;;;;;;;x
d_geralkun_adj;Geralkun;;;;;;;;;;;;;x
c_tharrgari;Tharrgari;;;;;;;;;;;;;x
c_tharrgari_adj;Tharrgari;;;;;;;;;;;;;x
b_tharrgari-i;Tharrgari;;;;;;;;;;;;;x
c_geraldton;Geraldton;;;;;;;;;;;;;x
c_geraldton_adj;Geraldton;;;;;;;;;;;;;x
b_geraldton-i;Geraldton;;;;;;;;;;;;;x
c_onslow;Onslow;;;;;;;;;;;;;x
c_onslow_adj;Onslow;;;;;;;;;;;;;x
b_onslow-i;Onslow;;;;;;;;;;;;;x
c_kalbarri;Kalbarri;;;;;;;;;;;;;x
c_kalbarri_adj;Kalbarri;;;;;;;;;;;;;x
b_kalbarri-i;Kalbarri;;;;;;;;;;;;;x
c_thalanyii;Thalanyii;;;;;;;;;;;;;x
c_thalanyii_adj;Thalanyii;;;;;;;;;;;;;x
b_thalanyii-i;Thalanyii;;;;;;;;;;;;;x
c_purduna;Purduna;;;;;;;;;;;;;x
c_purduna_adj;Purduna;;;;;;;;;;;;;x
b_purduna-i;Purduna;;;;;;;;;;;;;x
c_exmouth;Exmouth;;;;;;;;;;;;;x
c_exmouth_adj;Exmouth;;;;;;;;;;;;;x
b_exmouth-i;Exmouth;;;;;;;;;;;;;x
d_ngarla;Ngarla;;;;;;;;;;;;;x
d_ngarla_adj;Ngarla;;;;;;;;;;;;;x
c_ngarla;Ngarla;;;;;;;;;;;;;x
c_ngarla_adj;Ngarla;;;;;;;;;;;;;x
b_ngarla-i;Ngarla;;;;;;;;;;;;;x
c_nyamal;Nyamal;;;;;;;;;;;;;x
c_nyamal_adj;Nyamal;;;;;;;;;;;;;x
b_nyamal-i;Nyamal;;;;;;;;;;;;;x
c_kariyarra;Kariyarra;;;;;;;;;;;;;x
c_kariyarra_adj;Kariyarra;;;;;;;;;;;;;x
b_kariyarra-i;Kariyarra;;;;;;;;;;;;;x
c_nyangumarda;Nyangumarda;;;;;;;;;;;;;x
c_nyangumarda_adj;Nyangumarda;;;;;;;;;;;;;x
b_nyangumarda-i;Nyangumarda;;;;;;;;;;;;;x
d_amangu;Amangu;;;;;;;;;;;;;x
d_amangu_adj;Amangu;;;;;;;;;;;;;x
c_amangu;Amangu;;;;;;;;;;;;;x
c_amangu_adj;Amangu;;;;;;;;;;;;;x
b_amangu-i;Amangu;;;;;;;;;;;;;x
c_nhanta;Nhanta;;;;;;;;;;;;;x
c_nhanta_adj;Nhanta;;;;;;;;;;;;;x
b_nhanta-i;Nhanta;;;;;;;;;;;;;x
c_malkana;Malkana;;;;;;;;;;;;;x
c_malkana_adj;Malkana;;;;;;;;;;;;;x
b_malkana-i;Malkana;;;;;;;;;;;;;x
d_penikura;Penikura;;;;;;;;;;;;;x
d_penikura_adj;Penikura;;;;;;;;;;;;;x
c_penikura;Penikura;;;;;;;;;;;;;x
c_penikura_adj;Penikura;;;;;;;;;;;;;x
b_penikura-i;Penikura;;;;;;;;;;;;;x
c_jurruru;Jurruru;;;;;;;;;;;;;x
c_jurruru_adj;Jurruru;;;;;;;;;;;;;x
b_jurruru-i;Jurruru;;;;;;;;;;;;;x
c_jiwarli;Jiwarli;;;;;;;;;;;;;x
c_jiwarli_adj;Jiwarli;;;;;;;;;;;;;x
b_jiwarli-i;Jiwarli;;;;;;;;;;;;;x
c_thiin;Thiin;;;;;;;;;;;;;x
c_thiin_adj;Thiin;;;;;;;;;;;;;x
b_thiin-i;Thiin;;;;;;;;;;;;;x
c_warriyangga;Warriyangga;;;;;;;;;;;;;x
c_warriyangga_adj;Warriyangga;;;;;;;;;;;;;x
b_warriyangga-i;Warriyangga;;;;;;;;;;;;;x
d_yinhawangka;Yinhawangka;;;;;;;;;;;;;x
d_yinhawangka_adj;Yinhawangka;;;;;;;;;;;;;x
c_yinhawangka;Yinhawangka;;;;;;;;;;;;;x
c_yinhawangka_adj;Yinhawangka;;;;;;;;;;;;;x
b_yinhawangka-i;Yinhawangka;;;;;;;;;;;;;x
c_ngalawangka;Ngalawangka;;;;;;;;;;;;;x
c_ngalawangka_adj;Ngalawangka;;;;;;;;;;;;;x
b_ngalawangka-i;Ngalawangka;;;;;;;;;;;;;x
d_jaburrara;Jaburrara;;;;;;;;;;;;;x
d_jaburrara_adj;Jaburrara;;;;;;;;;;;;;x
c_ngarluma;Ngarluma;;;;;;;;;;;;;x
c_ngarluma_adj;Ngarluma;;;;;;;;;;;;;x
b_ngarluma-i;Ngarluma;;;;;;;;;;;;;x
c_jaburrara;Jaburrara;;;;;;;;;;;;;x
c_jaburrara_adj;Jaburrara;;;;;;;;;;;;;x
b_jaburrara-i;Jaburrara;;;;;;;;;;;;;x
c_martuthunira;Martuthunira;;;;;;;;;;;;;x
c_martuthunira_adj;Martuthunira;;;;;;;;;;;;;x
b_martuthunira-i;Martuthunira;;;;;;;;;;;;;x
c_nhuwala;Nhuwala;;;;;;;;;;;;;x
c_nhuwala_adj;Nhuwala;;;;;;;;;;;;;x
b_nhuwala-i;Nhuwala;;;;;;;;;;;;;x
d_broome;Yulparitja;;;;;;;;;;;;;x
d_broome_adj;Yulparitja;;;;;;;;;;;;;x
c_yulparitja;Yulparitja;;;;;;;;;;;;;x
c_yulparitja_adj;Yulparitja;;;;;;;;;;;;;x
b_yulparitja-i;Yulparitja;;;;;;;;;;;;;x
c_loungston;Loungston;;;;;;;;;;;;;x
c_loungston_adj;Loungston;;;;;;;;;;;;;x
b_loungston-i;Loungston;;;;;;;;;;;;;x
c_broome;Nyikina;;;;;;;;;;;;;x
c_broome_adj;Nyikina;;;;;;;;;;;;;x
b_broome-i;Nyikina;;;;;;;;;;;;;x
b_broome-ii;Nyikina;;;;;;;;;;;;;x
c_mangala;Mangala;;;;;;;;;;;;;x
c_mangala_adj;Mangala;;;;;;;;;;;;;x
b_mangala-i;Mangala;;;;;;;;;;;;;x
c_djawi;Djawi;;;;;;;;;;;;;x
c_djawi_adj;Djawi;;;;;;;;;;;;;x
b_djawi-i;Djawi;;;;;;;;;;;;;x
d_worora;Worora;;;;;;;;;;;;;x
d_worora_adj;Worora;;;;;;;;;;;;;x
c_worora;Worora;;;;;;;;;;;;;x
c_worora_adj;Worora;;;;;;;;;;;;;x
b_worora-i;Worora;;;;;;;;;;;;;x
c_wunambul;Wunambul;;;;;;;;;;;;;x
c_wunambul_adj;Wunambul;;;;;;;;;;;;;x
b_wunambul-i;Wunambul;;;;;;;;;;;;;x
c_gamberre;Gamberre;;;;;;;;;;;;;x
c_gamberre_adj;Gamberre;;;;;;;;;;;;;x
b_gamberre-i;Gamberre;;;;;;;;;;;;;x
c_miwa;Miwa;;;;;;;;;;;;;x
c_miwa_adj;Miwa;;;;;;;;;;;;;x
b_miwa-i;Miwa;;;;;;;;;;;;;x
c_kwini;Kwini;;;;;;;;;;;;;x
c_kwini_adj;Kwini;;;;;;;;;;;;;x
b_kwini-i;Kwini;;;;;;;;;;;;;x
c_yiiji;Yiiji;;;;;;;;;;;;;x
c_yiiji_adj;Yiiji;;;;;;;;;;;;;x
b_yiiji-i;Yiiji;;;;;;;;;;;;;x
d_umida;Umida;;;;;;;;;;;;;x
d_umida_adj;Umida;;;;;;;;;;;;;x
c_umida;Umida;;;;;;;;;;;;;x
c_umida_adj;Umida;;;;;;;;;;;;;x
b_umida-i;Umida;;;;;;;;;;;;;x
c_bardi;Bardi;;;;;;;;;;;;;x
c_bardi_adj;Bardi;;;;;;;;;;;;;x
b_bardi-i;Bardi;;;;;;;;;;;;;x
c_unggarangi;Unggarangi;;;;;;;;;;;;;x
c_unggarangi_adj;Unggarangi;;;;;;;;;;;;;x
b_unggarangi-i;Unggarangi;;;;;;;;;;;;;x
c_nimanburu;Nimanburu;;;;;;;;;;;;;x
c_nimanburu_adj;Nimanburu;;;;;;;;;;;;;x
b_nimanburu-i;Nimanburu;;;;;;;;;;;;;x
d_darumbal;Darumbal;;;;;;;;;;;;;x
d_darumbal_adj;Darumbal;;;;;;;;;;;;;x
c_darumbal;Darumbal;;;;;;;;;;;;;x
c_darumbal_adj;Darumbal;;;;;;;;;;;;;x
b_darumbal-i;Darumbal;;;;;;;;;;;;;x
c_guwinmal;Guwinmal;;;;;;;;;;;;;x
c_guwinmal_adj;Guwinmal;;;;;;;;;;;;;x
b_guwinmal-i;Guwinmal;;;;;;;;;;;;;x
c_yuwi;Yuwi;;;;;;;;;;;;;x
c_yuwi_adj;Yuwi;;;;;;;;;;;;;x
b_yuwi-i;Yuwi;;;;;;;;;;;;;x
c_giya;Giya;;;;;;;;;;;;;x
c_giya_adj;Giya;;;;;;;;;;;;;x
b_giya-i;Giya;;;;;;;;;;;;;x
d_yawuru;Yawuru;;;;;;;;;;;;;x
d_yawuru_adj;Yawuru;;;;;;;;;;;;;x
c_yawuru;Yawuru;;;;;;;;;;;;;x
c_yawuru_adj;Yawuru;;;;;;;;;;;;;x
b_yawuru-i;Yawuru;;;;;;;;;;;;;x
c_jukun;Jukun;;;;;;;;;;;;;x
c_jukun_adj;Jukun;;;;;;;;;;;;;x
b_jukun-i;Jukun;;;;;;;;;;;;;x
c_ngumbarl;Ngumbarl;;;;;;;;;;;;;x
c_ngumbarl_adj;Ngumbarl;;;;;;;;;;;;;x
b_ngumbarl-i;Ngumbarl;;;;;;;;;;;;;x
c_jabirrjabirr;Jabirrjabirr;;;;;;;;;;;;;x
c_jabirrjabirr_adj;Jabirrjabirr;;;;;;;;;;;;;x
b_jabirrjabirr-i;Jabirrjabirr;;;;;;;;;;;;;x
d_derbyy;Yindjibarndi;;;;;;;;;;;;;x
d_derbyy_adj;Yindjibarndi;;;;;;;;;;;;;x
c_derbyy;Yindjibarndi;;;;;;;;;;;;;x
c_derbyy_adj;Yindjibarndi;;;;;;;;;;;;;x
b_derbyy-i;Yindjibarndi;;;;;;;;;;;;;x
c_palyku;Palyku;;;;;;;;;;;;;x
c_palyku_adj;Palyku;;;;;;;;;;;;;x
b_palyku-i;Palyku;;;;;;;;;;;;;x
c_banjima;Banjima;;;;;;;;;;;;;x
c_banjima_adj;Banjima;;;;;;;;;;;;;x
b_banjima-i;Banjima;;;;;;;;;;;;;x
c_kurrama;Kurrama;;;;;;;;;;;;;x
c_kurrama_adj;Kurrama;;;;;;;;;;;;;x
b_kurrama-i;Kurrama;;;;;;;;;;;;;x
d_wailwan;Wailwan;;;;;;;;;;;;;x
d_wailwan_adj;Wailwan;;;;;;;;;;;;;x
c_wailwan;Wailwan;;;;;;;;;;;;;x
c_wailwan_adj;Wailwan;;;;;;;;;;;;;x
b_wailwan-i;Wailwan;;;;;;;;;;;;;x
c_sydney;Kamilaroi;;;;;;;;;;;;;x
c_sydney_adj;Kamilaroi;;;;;;;;;;;;;x
b_sydney-i;Kamilaroi;;;;;;;;;;;;;x
c_nganyaywana;Nganyaywana;;;;;;;;;;;;;x
c_nganyaywana_adj;Nganyaywana;;;;;;;;;;;;;x
b_nganyaywana-i;Nganyaywana;;;;;;;;;;;;;x
c_bigambul;Bigambul;;;;;;;;;;;;;x
c_bigambul_adj;Bigambul;;;;;;;;;;;;;x
b_bigambul-i;Bigambul;;;;;;;;;;;;;x
c_ngarabal;Ngarabal;;;;;;;;;;;;;x
c_ngarabal_adj;Ngarabal;;;;;;;;;;;;;x
b_ngarabal-i;Ngarabal;;;;;;;;;;;;;x
d_biripii;Biripii;;;;;;;;;;;;;x
d_biripii_adj;Biripii;;;;;;;;;;;;;x
c_biripi;Biripii;;;;;;;;;;;;;x
c_biripi_adj;Biripii;;;;;;;;;;;;;x
b_biripi-i;Biripii;;;;;;;;;;;;;x
c_yuggera;Yuggera;;;;;;;;;;;;;x
c_yuggera_adj;Yuggera;;;;;;;;;;;;;x
b_yuggera-i;Yuggera;;;;;;;;;;;;;x
c_dainggatji;Dainggatji;;;;;;;;;;;;;x
c_dainggatji_adj;Dainggatji;;;;;;;;;;;;;x
b_dainggatji-i;Dainggatji;;;;;;;;;;;;;x
c_gumbainggin;Gumbainggin;;;;;;;;;;;;;x
c_gumbainggin_adj;Gumbainggin;;;;;;;;;;;;;x
b_gumbainggin-i;Gumbainggin;;;;;;;;;;;;;x
c_bundjalung;Bundjalung;;;;;;;;;;;;;x
c_bundjalung_adj;Bundjalung;;;;;;;;;;;;;x
b_bundjalung-i;Bundjalung;;;;;;;;;;;;;x
d_gubbi_gubbi;Gubbi Gubbi;;;;;;;;;;;;;x
d_gubbi_gubbi_adj;Gubbi Gubbi;;;;;;;;;;;;;x
c_gubbi_gubbi;Gubbi Gubbi;;;;;;;;;;;;;x
c_gubbi_gubbi_adj;Gubbi Gubbi;;;;;;;;;;;;;x
b_gubbi_gubbi-i;Gubbi Gubbi;;;;;;;;;;;;;x
c_waka_waka;Waka Waka;;;;;;;;;;;;;x
c_waka_waka_adj;Waka Waka;;;;;;;;;;;;;x
b_waka_waka-i;Waka Waka;;;;;;;;;;;;;x
c_goreng_goreng;Goreng Goreng;;;;;;;;;;;;;x
c_goreng_goreng_adj;Goreng Goreng;;;;;;;;;;;;;x
b_goreng_goreng-i;Goreng Goreng;;;;;;;;;;;;;x
c_bayali;Bayali;;;;;;;;;;;;;x
c_bayali_adj;Bayali;;;;;;;;;;;;;x
b_bayali-i;Bayali;;;;;;;;;;;;;x
d_badimaya;Badimaya;;;;;;;;;;;;;x
d_badimaya_adj;Badimaya;;;;;;;;;;;;;x
c_badimaya;Badimaya;;;;;;;;;;;;;x
c_badimaya_adj;Badimaya;;;;;;;;;;;;;x
b_badimaya-i;Badimaya;;;;;;;;;;;;;x
c_yinggarda;Yinggarda;;;;;;;;;;;;;x
c_yinggarda_adj;Yinggarda;;;;;;;;;;;;;x
b_yinggarda-i;Yinggarda;;;;;;;;;;;;;x
c_paraburdoo;Kalaamaya;;;;;;;;;;;;;x
c_paraburdoo_adj;Kalaamaya;;;;;;;;;;;;;x
b_paraburdoo-i;Kalaamaya;;;;;;;;;;;;;x
c_wiluna;Wiluna;;;;;;;;;;;;;x
c_wiluna_adj;Wiluna;;;;;;;;;;;;;x
b_wiluna-i;Wiluna;;;;;;;;;;;;;x
d_winglath;Gangulu;;;;;;;;;;;;;x
d_winglath_adj;Gangulu;;;;;;;;;;;;;x
c_gladstone;Gangulu;;;;;;;;;;;;;x
c_gladstone_adj;Gangulu;;;;;;;;;;;;;x
b_gladstone-i;Gangulu;;;;;;;;;;;;;x
c_tamworthh;Barunggam;;;;;;;;;;;;;x
c_tamworthh_adj;Barunggam;;;;;;;;;;;;;x
b_tamworthh-i;Barunggam;;;;;;;;;;;;;x
c_yiman;Yiman;;;;;;;;;;;;;x
c_yiman_adj;Yiman;;;;;;;;;;;;;x
b_yiman-i;Yiman;;;;;;;;;;;;;x
c_wuli_wuli;Wuli Wuli;;;;;;;;;;;;;x
c_wuli_wuli_adj;Wuli Wuli;;;;;;;;;;;;;x
b_wuli_wuli-i;Wuli Wuli;;;;;;;;;;;;;x
c_wadjigu;Wadjigu;;;;;;;;;;;;;x
c_wadjigu_adj;Wadjigu;;;;;;;;;;;;;x
b_wadjigu-i;Wadjigu;;;;;;;;;;;;;x
d_kooma;Kooma;;;;;;;;;;;;;x
d_kooma_adj;Kooma;;;;;;;;;;;;;x
c_kooma;Kooma;;;;;;;;;;;;;x
c_kooma_adj;Kooma;;;;;;;;;;;;;x
b_kooma-i;Kooma;;;;;;;;;;;;;x
c_kunja;Kunja;;;;;;;;;;;;;x
c_kunja_adj;Kunja;;;;;;;;;;;;;x
b_kunja-i;Kunja;;;;;;;;;;;;;x
c_budjari;Budjari;;;;;;;;;;;;;x
c_budjari_adj;Budjari;;;;;;;;;;;;;x
b_budjari-i;Budjari;;;;;;;;;;;;;x
c_rockhampton;Gungarri;;;;;;;;;;;;;x
c_rockhampton_adj;Gungarri;;;;;;;;;;;;;x
b_rockhampton-i;Gungarri;;;;;;;;;;;;;x
d_nguri;Nguri;;;;;;;;;;;;;x
d_nguri_adj;Nguri;;;;;;;;;;;;;x
c_nguri;Nguri;;;;;;;;;;;;;x
c_nguri_adj;Nguri;;;;;;;;;;;;;x
b_nguri-i;Nguri;;;;;;;;;;;;;x
c_garingbal;Garingbal;;;;;;;;;;;;;x
c_garingbal_adj;Garingbal;;;;;;;;;;;;;x
b_garingbal-i;Garingbal;;;;;;;;;;;;;x
c_gungabula;Gungabula;;;;;;;;;;;;;x
c_gungabula_adj;Gungabula;;;;;;;;;;;;;x
b_gungabula-i;Gungabula;;;;;;;;;;;;;x
c_mandandanji;Mandandanji;;;;;;;;;;;;;x
c_mandandanji_adj;Mandandanji;;;;;;;;;;;;;x
b_mandandanji-i;Mandandanji;;;;;;;;;;;;;x
d_baraba_baraba;Baraba Baraba;;;;;;;;;;;;;x
d_baraba_baraba_adj;Baraba Baraba;;;;;;;;;;;;;x
c_baraba_baraba;Baraba Baraba;;;;;;;;;;;;;x
c_baraba_baraba_adj;Baraba Baraba;;;;;;;;;;;;;x
b_baraba_baraba-i;Baraba Baraba;;;;;;;;;;;;;x
c_wemba_wemba;Wemba Wemba;;;;;;;;;;;;;x
c_wemba_wemba_adj;Wemba Wemba;;;;;;;;;;;;;x
b_wemba_wemba-i;Wemba Wemba;;;;;;;;;;;;;x
c_wadi_wadi;Wadi Wadi;;;;;;;;;;;;;x
c_wadi_wadi_adj;Wadi Wadi;;;;;;;;;;;;;x
b_wadi_wadi-i;Wadi Wadi;;;;;;;;;;;;;x
c_djadjawurun;Djadjawurun;;;;;;;;;;;;;x
c_djadjawurun_adj;Djadjawurun;;;;;;;;;;;;;x
b_djadjawurun-i;Djadjawurun;;;;;;;;;;;;;x
c_dadi_dadi;Dadi Dadi;;;;;;;;;;;;;x
c_dadi_dadi_adj;Dadi Dadi;;;;;;;;;;;;;x
b_dadi_dadi-i;Dadi Dadi;;;;;;;;;;;;;x
d_barindji;Barindji;;;;;;;;;;;;;x
d_barindji_adj;Barindji;;;;;;;;;;;;;x
c_barindji;Barindji;;;;;;;;;;;;;x
c_barindji_adj;Barindji;;;;;;;;;;;;;x
b_barindji-i;Barindji;;;;;;;;;;;;;x
c_wergaia;Wergaia;;;;;;;;;;;;;x
c_wergaia_adj;Wergaia;;;;;;;;;;;;;x
b_wergaia-i;Wergaia;;;;;;;;;;;;;x
c_bourke;Latie Latie;;;;;;;;;;;;;x
c_bourke_adj;Latie Latie;;;;;;;;;;;;;x
b_bourke-i;Latie Latie;;;;;;;;;;;;;x
c_kureinji;Kureinji;;;;;;;;;;;;;x
c_kureinji_adj;Kureinji;;;;;;;;;;;;;x
b_kureinji-i;Kureinji;;;;;;;;;;;;;x
d_madi_madi;Madi Madi;;;;;;;;;;;;;x
d_madi_madi_adj;Madi Madi;;;;;;;;;;;;;x
c_madi_madi;Madi Madi;;;;;;;;;;;;;x
c_madi_madi_adj;Madi Madi;;;;;;;;;;;;;x
b_madi_madi-i;Madi Madi;;;;;;;;;;;;;x
c_yitha_yitha;Yitha Yitha;;;;;;;;;;;;;x
c_yitha_yitha_adj;Yitha Yitha;;;;;;;;;;;;;x
b_yitha_yitha-i;Yitha Yitha;;;;;;;;;;;;;x
c_nari_nari;Nari Nari;;;;;;;;;;;;;x
c_nari_nari_adj;Nari Nari;;;;;;;;;;;;;x
b_nari_nari-i;Nari Nari;;;;;;;;;;;;;x
d_gunu;Gunu;;;;;;;;;;;;;x
d_gunu_adj;Gunu;;;;;;;;;;;;;x
c_winton;Muruwari;;;;;;;;;;;;;x
c_winton_adj;Muruwari;;;;;;;;;;;;;x
b_winton-i;Muruwari;;;;;;;;;;;;;x
c_cbarcaldine;Barundji;;;;;;;;;;;;;x
c_cbarcaldine_adj;Barundji;;;;;;;;;;;;;x
b_cbarcaldine-i;Barundji;;;;;;;;;;;;;x
c_gunu;Gunu;;;;;;;;;;;;;x
c_gunu_adj;Gunu;;;;;;;;;;;;;x
b_gunu-i;Gunu;;;;;;;;;;;;;x
c_barranbinya;Barranbinya;;;;;;;;;;;;;x
c_barranbinya_adj;Barranbinya;;;;;;;;;;;;;x
b_barranbinya-i;Barranbinya;;;;;;;;;;;;;x
c_wongaibon;Wongaibon;;;;;;;;;;;;;x
c_wongaibon_adj;Wongaibon;;;;;;;;;;;;;x
b_wongaibon-i;Wongaibon;;;;;;;;;;;;;x
d_mithaka;Mithaka;;;;;;;;;;;;;x
d_mithaka_adj;Mithaka;;;;;;;;;;;;;x
c_mithaka;Mithaka;;;;;;;;;;;;;x
c_mithaka_adj;Mithaka;;;;;;;;;;;;;x
b_mithaka-i;Mithaka;;;;;;;;;;;;;x
c_yarluyandi;Yarluyandi;;;;;;;;;;;;;x
c_yarluyandi_adj;Yarluyandi;;;;;;;;;;;;;x
b_yarluyandi-i;Yarluyandi;;;;;;;;;;;;;x
c_wangkamana;Wangkamana;;;;;;;;;;;;;x
c_wangkamana_adj;Wangkamana;;;;;;;;;;;;;x
b_wangkamana-i;Wangkamana;;;;;;;;;;;;;x
c_pitta-pitta;Pitta-Pitta;;;;;;;;;;;;;x
c_pitta-pitta_adj;Pitta-Pitta;;;;;;;;;;;;;x
b_pitta-pitta-i;Pitta-Pitta;;;;;;;;;;;;;x
c_andegerebenha;Andegerebenha;;;;;;;;;;;;;x
c_andegerebenha_adj;Andegerebenha;;;;;;;;;;;;;x
b_andegerebenha-i;Andegerebenha;;;;;;;;;;;;;x
d_maiawali;Maiawali;;;;;;;;;;;;;x
d_maiawali_adj;Maiawali;;;;;;;;;;;;;x
c_dharawala;Dharawala;;;;;;;;;;;;;x
c_dharawala_adj;Dharawala;;;;;;;;;;;;;x
b_dharawala-i;Dharawala;;;;;;;;;;;;;x
c_maiawali;Maiawali;;;;;;;;;;;;;x
c_maiawali_adj;Maiawali;;;;;;;;;;;;;x
b_maiawali-i;Maiawali;;;;;;;;;;;;;x
c_kuungkari;Kuungkari;;;;;;;;;;;;;x
c_kuungkari_adj;Kuungkari;;;;;;;;;;;;;x
b_kuungkari-i;Kuungkari;;;;;;;;;;;;;x
c_iningai;Iningai;;;;;;;;;;;;;x
c_iningai_adj;Iningai;;;;;;;;;;;;;x
b_iningai-i;Iningai;;;;;;;;;;;;;x
c_guwa;Guwa;;;;;;;;;;;;;x
c_guwa_adj;Guwa;;;;;;;;;;;;;x
b_guwa-i;Guwa;;;;;;;;;;;;;x
d_biri;Biri;;;;;;;;;;;;;x
d_biri_adj;Biri;;;;;;;;;;;;;x
c_biri;Biri;;;;;;;;;;;;;x
c_biri_adj;Biri;;;;;;;;;;;;;x
b_biri-i;Biri;;;;;;;;;;;;;x
c_barna;Barna;;;;;;;;;;;;;x
c_barna_adj;Barna;;;;;;;;;;;;;x
b_barna-i;Barna;;;;;;;;;;;;;x
c_baradha;Baradha;;;;;;;;;;;;;x
c_baradha_adj;Baradha;;;;;;;;;;;;;x
b_baradha-i;Baradha;;;;;;;;;;;;;x
c_gabalbara;Gabalbara;;;;;;;;;;;;;x
c_gabalbara_adj;Gabalbara;;;;;;;;;;;;;x
b_gabalbara-i;Gabalbara;;;;;;;;;;;;;x
d_bidjara;Bidjara;;;;;;;;;;;;;x
d_bidjara_adj;Bidjara;;;;;;;;;;;;;x
c_bidjara;Bidjara;;;;;;;;;;;;;x
c_bidjara_adj;Bidjara;;;;;;;;;;;;;x
b_bidjara-i;Bidjara;;;;;;;;;;;;;x
c_gayiri;Gayiri;;;;;;;;;;;;;x
c_gayiri_adj;Gayiri;;;;;;;;;;;;;x
b_gayiri-i;Gayiri;;;;;;;;;;;;;x
c_yagalingu;Yagalingu;;;;;;;;;;;;;x
c_yagalingu_adj;Yagalingu;;;;;;;;;;;;;x
b_yagalingu-i;Yagalingu;;;;;;;;;;;;;x
c_yambina;Yambina;;;;;;;;;;;;;x
c_yambina_adj;Yambina;;;;;;;;;;;;;x
b_yambina-i;Yambina;;;;;;;;;;;;;x
d_garawa;Garawa;;;;;;;;;;;;;x
d_garawa_adj;Garawa;;;;;;;;;;;;;x
c_garawa;Garawa;;;;;;;;;;;;;x
c_garawa_adj;Garawa;;;;;;;;;;;;;x
b_garawa-i;Garawa;;;;;;;;;;;;;x
c_binbinga;Binbinga;;;;;;;;;;;;;x
c_binbinga_adj;Binbinga;;;;;;;;;;;;;x
b_binbinga-i;Binbinga;;;;;;;;;;;;;x
c_warnindilyakwa;Warnindilyakwa;;;;;;;;;;;;;x
c_warnindilyakwa_adj;Warnindilyakwa;;;;;;;;;;;;;x
b_warnindilyakwa-i;Warnindilyakwa;;;;;;;;;;;;;x
d_bundaberg;Mayi-Yapi;;;;;;;;;;;;;x
d_bundaberg_adj;Mayi-Yapi;;;;;;;;;;;;;x
c_bundaberg;Mayi-Yapi;;;;;;;;;;;;;x
c_bundaberg_adj;Mayi-Yapi;;;;;;;;;;;;;x
b_bundaberg-i;Mayi-Yapi;;;;;;;;;;;;;x
c_walangama;Walangama;;;;;;;;;;;;;x
c_walangama_adj;Walangama;;;;;;;;;;;;;x
b_walangama-i;Walangama;;;;;;;;;;;;;x
c_mayi-kulan;Mayi-Kulan;;;;;;;;;;;;;x
c_mayi-kulan_adj;Mayi-Kulan;;;;;;;;;;;;;x
b_mayi-kulan-i;Mayi-Kulan;;;;;;;;;;;;;x
c_mayi-thakurti;Mayi-Thakurti;;;;;;;;;;;;;x
c_mayi-thakurti_adj;Mayi-Thakurti;;;;;;;;;;;;;x
b_mayi-thakurti-i;Mayi-Thakurti;;;;;;;;;;;;;x
d_agwamin;Agwamin;;;;;;;;;;;;;x
d_agwamin_adj;Agwamin;;;;;;;;;;;;;x
c_agwamin;Agwamin;;;;;;;;;;;;;x
c_agwamin_adj;Agwamin;;;;;;;;;;;;;x
b_agwamin-i;Agwamin;;;;;;;;;;;;;x
c_mbara;Mbara;;;;;;;;;;;;;x
c_mbara_adj;Mbara;;;;;;;;;;;;;x
b_mbara-i;Mbara;;;;;;;;;;;;;x
c_yanga;Yanga;;;;;;;;;;;;;x
c_yanga_adj;Yanga;;;;;;;;;;;;;x
b_yanga-i;Yanga;;;;;;;;;;;;;x
c_yirandali;Yirandali;;;;;;;;;;;;;x
c_yirandali_adj;Yirandali;;;;;;;;;;;;;x
b_yirandali-i;Yirandali;;;;;;;;;;;;;x
c_cooktown;Ngawun;;;;;;;;;;;;;x
c_cooktown_adj;Ngawun;;;;;;;;;;;;;x
b_cooktown-i;Ngawun;;;;;;;;;;;;;x
d_waanyi;Waanyi;;;;;;;;;;;;;x
d_waanyi_adj;Waanyi;;;;;;;;;;;;;x
c_mayi-kutuna;Mayi-Kutuna;;;;;;;;;;;;;x
c_mayi-kutuna_adj;Mayi-Kutuna;;;;;;;;;;;;;x
b_mayi-kutuna-i;Mayi-Kutuna;;;;;;;;;;;;;x
c_nguburinji;Nguburinji;;;;;;;;;;;;;x
c_nguburinji_adj;Nguburinji;;;;;;;;;;;;;x
b_nguburinji-i;Nguburinji;;;;;;;;;;;;;x
c_waanyi;Waanyi;;;;;;;;;;;;;x
c_waanyi_adj;Waanyi;;;;;;;;;;;;;x
b_waanyi-i;Waanyi;;;;;;;;;;;;;x
c_gunindiri;Gunindiri;;;;;;;;;;;;;x
c_gunindiri_adj;Gunindiri;;;;;;;;;;;;;x
b_gunindiri-i;Gunindiri;;;;;;;;;;;;;x
c_ngandji;Ngandji;;;;;;;;;;;;;x
c_ngandji_adj;Ngandji;;;;;;;;;;;;;x
b_ngandji-i;Ngandji;;;;;;;;;;;;;x
d_kuthant;Kuthant;;;;;;;;;;;;;x
d_kuthant_adj;Kuthant;;;;;;;;;;;;;x
c_kuthant;Kuthant;;;;;;;;;;;;;x
c_kuthant_adj;Kuthant;;;;;;;;;;;;;x
b_kuthant-i;Kuthant;;;;;;;;;;;;;x
c_kukati;Kukati;;;;;;;;;;;;;x
c_kukati_adj;Kukati;;;;;;;;;;;;;x
b_kukati-i;Kukati;;;;;;;;;;;;;x
c_mingiri;Mingiri;;;;;;;;;;;;;x
c_mingiri_adj;Mingiri;;;;;;;;;;;;;x
b_mingiri-i;Mingiri;;;;;;;;;;;;;x
c_ganggalida;Ganggalida;;;;;;;;;;;;;x
c_ganggalida_adj;Ganggalida;;;;;;;;;;;;;x
b_ganggalida-i;Ganggalida;;;;;;;;;;;;;x
c_ganaggalanda;Ganaggalanda;;;;;;;;;;;;;x
c_ganaggalanda_adj;Ganaggalanda;;;;;;;;;;;;;x
b_ganaggalanda-i;Ganaggalanda;;;;;;;;;;;;;x
c_lardil;Lardil;;;;;;;;;;;;;x
c_lardil_adj;Lardil;;;;;;;;;;;;;x
b_lardil-i;Lardil;;;;;;;;;;;;;x
d_alyawarre;Alyawarre;;;;;;;;;;;;;x
d_alyawarre_adj;Alyawarre;;;;;;;;;;;;;x
c_yalarruga;Yalarruga;;;;;;;;;;;;;x
c_yalarruga_adj;Yalarruga;;;;;;;;;;;;;x
b_yalarruga-i;Yalarruga;;;;;;;;;;;;;x
c_yanda;Yanda;;;;;;;;;;;;;x
c_yanda_adj;Yanda;;;;;;;;;;;;;x
b_yanda-i;Yanda;;;;;;;;;;;;;x
c_warluwarra;Warluwarra;;;;;;;;;;;;;x
c_warluwarra_adj;Warluwarra;;;;;;;;;;;;;x
b_warluwarra-i;Warluwarra;;;;;;;;;;;;;x
c_kalkadoon;Kalkadoon;;;;;;;;;;;;;x
c_kalkadoon_adj;Kalkadoon;;;;;;;;;;;;;x
b_kalkadoon-i;Kalkadoon;;;;;;;;;;;;;x
d_birria;Birria;;;;;;;;;;;;;x
d_birria_adj;Birria;;;;;;;;;;;;;x
c_charleville;Karuwali;;;;;;;;;;;;;x
c_charleville_adj;Karuwali;;;;;;;;;;;;;x
b_charleville-i;Karuwali;;;;;;;;;;;;;x
c_birria;Birria;;;;;;;;;;;;;x
c_birria_adj;Birria;;;;;;;;;;;;;x
b_birria-i;Birria;;;;;;;;;;;;;x
c_wangkumara;Wangkumara;;;;;;;;;;;;;x
c_wangkumara_adj;Wangkumara;;;;;;;;;;;;;x
b_wangkumara-i;Wangkumara;;;;;;;;;;;;;x
c_margany;Margany;;;;;;;;;;;;;x
c_margany_adj;Margany;;;;;;;;;;;;;x
b_margany-i;Margany;;;;;;;;;;;;;x
d_kukatja;Kukatja;;;;;;;;;;;;;x
d_kukatja_adj;Kukatja;;;;;;;;;;;;;x
b_kukatja-i;Kukatja;;;;;;;;;;;;;x
c_ngarti;Ngarti;;;;;;;;;;;;;x
c_ngarti_adj;Ngarti;;;;;;;;;;;;;x
b_ngarti-i;Ngarti;;;;;;;;;;;;;x
c_jaru;Jaru;;;;;;;;;;;;;x
c_jaru_adj;Jaru;;;;;;;;;;;;;x
b_jaru-i;Jaru;;;;;;;;;;;;;x
c_ewihsemport;Warlpiri;;;;;;;;;;;;;x
c_ewihsemport_adj;Warlpiri;;;;;;;;;;;;;x
b_ewihsemport-i;Warlpiri;;;;;;;;;;;;;x
c_gurindji;Gurindji;;;;;;;;;;;;;x
c_gurindji_adj;Gurindji;;;;;;;;;;;;;x
b_gurindji-i;Gurindji;;;;;;;;;;;;;x
d_kununurra;Kununurra;;;;;;;;;;;;;x
d_kununurra_adj;Kununurra;;;;;;;;;;;;;x
c_kununurra;Kununurra;;;;;;;;;;;;;x
c_kununurra_adj;Kununurra;;;;;;;;;;;;;x
b_kununurra-i;Kununurra;;;;;;;;;;;;;x
c_worla;Worla;;;;;;;;;;;;;x
c_worla_adj;Worla;;;;;;;;;;;;;x
b_worla-i;Worla;;;;;;;;;;;;;x
c_katherine;Miriwoong;;;;;;;;;;;;;x
c_katherine_adj;Miriwoong;;;;;;;;;;;;;x
b_katherine-i;Miriwoong;;;;;;;;;;;;;x
c_klampeken;Kija;;;;;;;;;;;;;x
c_klampeken_adj;Kija;;;;;;;;;;;;;x
b_klampeken-i;Kija;;;;;;;;;;;;;x
d_uutaalnganu;Uutaalnganu;;;;;;;;;;;;;x
d_uutaalnganu_adj;Uutaalnganu;;;;;;;;;;;;;x
c_uutaalnganu;Uutaalnganu;;;;;;;;;;;;;x
c_uutaalnganu_adj;Uutaalnganu;;;;;;;;;;;;;x
b_uutaalnganu-i;Uutaalnganu;;;;;;;;;;;;;x
c_kuuku-yau;Kuuku-Yau;;;;;;;;;;;;;x
c_kuuku-yau_adj;Kuuku-Yau;;;;;;;;;;;;;x
b_kuuku-yau-i;Kuuku-Yau;;;;;;;;;;;;;x
c_wuthathi;Wuthathi;;;;;;;;;;;;;x
c_wuthathi_adj;Wuthathi;;;;;;;;;;;;;x
b_wuthathi-i;Wuthathi;;;;;;;;;;;;;x
c_yadhaigana;Yadhaigana;;;;;;;;;;;;;x
c_yadhaigana_adj;Yadhaigana;;;;;;;;;;;;;x
b_yadhaigana-i;Yadhaigana;;;;;;;;;;;;;x
d_lutnigh;Lutnigh;;;;;;;;;;;;;x
d_lutnigh_adj;Lutnigh;;;;;;;;;;;;;x
c_lutnigh;Lutnigh;;;;;;;;;;;;;x
c_lutnigh_adj;Lutnigh;;;;;;;;;;;;;x
b_lutnigh-i;Lutnigh;;;;;;;;;;;;;x
c_awngthim;Awngthim;;;;;;;;;;;;;x
c_awngthim_adj;Awngthim;;;;;;;;;;;;;x
b_awngthim-i;Awngthim;;;;;;;;;;;;;x
c_cairns;Mbeiwum;;;;;;;;;;;;;x
c_cairns_adj;Mbeiwum;;;;;;;;;;;;;x
b_cairns;Cairns;;;;;;;;;;;;;x
b_coen;Coen;;;;;;;;;;;;;x
c_winda_winda;Winda Winda;;;;;;;;;;;;;x
c_winda_winda_adj;Winda Winda;;;;;;;;;;;;;x
b_winda_winda-i;Winda Winda;;;;;;;;;;;;;x
c_anguthimri;Anguthimri;;;;;;;;;;;;;x
c_anguthimri_adj;Anguthimri;;;;;;;;;;;;;x
b_anguthimri-i;Anguthimri;;;;;;;;;;;;;x
d_wik;Wik;;;;;;;;;;;;;x
d_wik_adj;Wik;;;;;;;;;;;;;x
c_wik;Wik;;;;;;;;;;;;;x
c_wik_adj;Wik;;;;;;;;;;;;;x
b_wik-i;Wik;;;;;;;;;;;;;x
c_bakanh;Bakanh;;;;;;;;;;;;;x
c_bakanh_adj;Bakanh;;;;;;;;;;;;;x
b_bakanh-i;Bakanh;;;;;;;;;;;;;x
c_kaantju;Kaantju;;;;;;;;;;;;;x
c_kaantju_adj;Kaantju;;;;;;;;;;;;;x
b_kaantju-i;Kaantju;;;;;;;;;;;;;x
c_kuuku-yani;Kuuku-Yani;;;;;;;;;;;;;x
c_kuuku-yani_adj;Kuuku-Yani;;;;;;;;;;;;;x
b_kuuku-yani-i;Kuuku-Yani;;;;;;;;;;;;;x
c_umbindhamu;Umbindhamu;;;;;;;;;;;;;x
c_umbindhamu_adj;Umbindhamu;;;;;;;;;;;;;x
b_umbindhamu-i;Umbindhamu;;;;;;;;;;;;;x
d_yupangathi;Yupangathi;;;;;;;;;;;;;x
d_yupangathi_adj;Yupangathi;;;;;;;;;;;;;x
c_yupangathi;Yupangathi;;;;;;;;;;;;;x
c_yupangathi_adj;Yupangathi;;;;;;;;;;;;;x
b_yupangathi-i;Yupangathi;;;;;;;;;;;;;x
c_mpalitjanh;Mpalitjanh;;;;;;;;;;;;;x
c_mpalitjanh_adj;Mpalitjanh;;;;;;;;;;;;;x
b_mpalitjanh-i;Mpalitjanh;;;;;;;;;;;;;x
c_anggamudi;Anggamudi;;;;;;;;;;;;;x
c_anggamudi_adj;Anggamudi;;;;;;;;;;;;;x
b_anggamudi-i;Anggamudi;;;;;;;;;;;;;x
d_koknar;Koknar;;;;;;;;;;;;;x
d_koknar_adj;Koknar;;;;;;;;;;;;;x
c_koknar;Koknar;;;;;;;;;;;;;x
c_koknar_adj;Koknar;;;;;;;;;;;;;x
b_koknar-i;Koknar;;;;;;;;;;;;;x
c_koko-bera;Koko-Bera;;;;;;;;;;;;;x
c_koko-bera_adj;Koko-Bera;;;;;;;;;;;;;x
b_koko-bera-i;Koko-Bera;;;;;;;;;;;;;x
c_yir_yoront;Yir Yoront;;;;;;;;;;;;;x;
c_yir_yoront_adj;Yir Yoront;;;;;;;;;;;;;x;
b_yir_yoront-i;Yir Yoront;;;;;;;;;;;;;x;
c_thaayorre;Thaayorre;;;;;;;;;;;;;x;
c_thaayorre_adj;Thaayorre;;;;;;;;;;;;;x;
b_thaayorre-i;Thaayorre;;;;;;;;;;;;;x;
d_kunjen;Kunjen;;;;;;;;;;;;;x;
d_kunjen_adj;Kunjen;;;;;;;;;;;;;x;
c_kunjen;Kunjen;;;;;;;;;;;;;x;
c_kunjen_adj;Kunjen;;;;;;;;;;;;;x;
b_kunjen-i;Kunjen;;;;;;;;;;;;;x;
c_kokomini;Kokomini;;;;;;;;;;;;;x;
c_kokomini_adj;Kokomini;;;;;;;;;;;;;x;
b_kokomini-i;Kokomini;;;;;;;;;;;;;x;
c_kurtjar;Kurtjar;;;;;;;;;;;;;x;
c_kurtjar_adj;Kurtjar;;;;;;;;;;;;;x;
b_kurtjar-i;Kurtjar;;;;;;;;;;;;;x;
c_takalak;Takalak;;;;;;;;;;;;;x;
c_takalak_adj;Takalak;;;;;;;;;;;;;x
b_takalak-i;Takalak;;;;;;;;;;;;;x
d_lamalama;Lamalama;;;;;;;;;;;;;x
d_lamalama_adj;Lamalama;;;;;;;;;;;;;x
c_lamalama;Lamalama;;;;;;;;;;;;;x
c_lamalama_adj;Lamalama;;;;;;;;;;;;;x
b_lamalama-i;Lamalama;;;;;;;;;;;;;x
c_mutumi;Mutumi;;;;;;;;;;;;;x
c_mutumi_adj;Mutumi;;;;;;;;;;;;;x
b_mutumi-i;Mutumi;;;;;;;;;;;;;x
c_kokowarra;Kokowarra;;;;;;;;;;;;;x
c_kokowarra_adj;Kokowarra;;;;;;;;;;;;;x
b_kokowarra-i;Kokowarra;;;;;;;;;;;;;x
c_guugu_yimithirr;Guugu Yimithirr;;;;;;;;;;;;;x
c_guugu_yimithirr_adj;Guugu Yimithirr;;;;;;;;;;;;;x
b_guugu_yimithirr-i;Guugu Yimithirr;;;;;;;;;;;;;x
c_kuku-yalami;Kuku-Yalami;;;;;;;;;;;;;x
c_kuku-yalami_adj;Kuku-Yalami;;;;;;;;;;;;;x
b_kuku-yalami-i;Kuku-Yalami;;;;;;;;;;;;;x
d_ngawaygi;Ngawaygi;;;;;;;;;;;;;x
d_ngawaygi_adj;Ngawaygi;;;;;;;;;;;;;x
c_nyawaygi;Ngawaygi;;;;;;;;;;;;;x
c_nyawaygi_adj;Ngawaygi;;;;;;;;;;;;;x
b_nyawaygi-i;Ngawaygi;;;;;;;;;;;;;x
c_wargamaygan;Wargamaygan;;;;;;;;;;;;;x
c_wargamaygan_adj;Wargamaygan;;;;;;;;;;;;;x
b_wargamaygan-i;Wargamaygan;;;;;;;;;;;;;x
c_djirbalngan;Djirbalngan;;;;;;;;;;;;;x
c_djirbalngan_adj;Djirbalngan;;;;;;;;;;;;;x
b_djirbalngan-i;Djirbalngan;;;;;;;;;;;;;x
c_yidinjiji;Yidinjiji;;;;;;;;;;;;;x
c_yidinjiji_adj;Yidinjiji;;;;;;;;;;;;;x
b_yidinjiji-i;Yidinjiji;;;;;;;;;;;;;x
c_djubugandji;Djubugandji;;;;;;;;;;;;;x
c_djubugandji_adj;Djubugandji;;;;;;;;;;;;;x
b_djubugandji-i;Djubugandji;;;;;;;;;;;;;x
d_miyan;Miyan;;;;;;;;;;;;;x
d_miyan_adj;Miyan;;;;;;;;;;;;;x
c_miyan;Miyan;;;;;;;;;;;;;x
c_miyan_adj;Miyan;;;;;;;;;;;;;x
b_miyan-i;Miyan;;;;;;;;;;;;;x
c_yagalingu;Yagalingu;;;;;;;;;;;;;x
c_yagalingu_adj;Yagalingu;;;;;;;;;;;;;x
b_yagalingu-i;Yagalingu;;;;;;;;;;;;;x
c_yambina;Yambina;;;;;;;;;;;;;x
c_yambina_adj;Yambina;;;;;;;;;;;;;x
b_yambina-i;Yambina;;;;;;;;;;;;;x
c_wangan;Wangan;;;;;;;;;;;;;x
c_wangan_adj;Wangan;;;;;;;;;;;;;x
b_wangan-i;Wangan;;;;;;;;;;;;;x
d_yuru;Yuru;;;;;;;;;;;;;x
d_yuru_adj;Yuru;;;;;;;;;;;;;x
c_bindal;Bindal;;;;;;;;;;;;;x
c_bindal_adj;Bindal;;;;;;;;;;;;;x
b_bindal-i;Bindal;;;;;;;;;;;;;x
c_weipa;Weipa;;;;;;;;;;;;;x
c_weipa_adj;Weipa;;;;;;;;;;;;;x
b_weipa-i;Weipa;;;;;;;;;;;;;x
c_yuru;Yuru;;;;;;;;;;;;;x
c_yuru_adj;Yuru;;;;;;;;;;;;;x
b_yuru-i;Yuru;;;;;;;;;;;;;x
c_brisbane;Yilba;;;;;;;;;;;;;x
c_brisbane_adj;Yilba;;;;;;;;;;;;;x
b_brisbane-i;Yilba;;;;;;;;;;;;;x
d_kaytej;Kaytej;;;;;;;;;;;;;x
d_kaytej_adj;Kaytej;;;;;;;;;;;;;x
c_kaytej;Kaytej;;;;;;;;;;;;;x
c_kaytej_adj;Kaytej;;;;;;;;;;;;;x
b_kaytej-i;Kaytej;;;;;;;;;;;;;x
c_bularna;Bularna;;;;;;;;;;;;;x
c_bularna_adj;Bularna;;;;;;;;;;;;;x
b_bularna-i;Bularna;;;;;;;;;;;;;x
c_alyawarre;Alyawarre;;;;;;;;;;;;;x
c_alyawarre_adj;Alyawarre;;;;;;;;;;;;;x
b_alyawarre-i;Alyawarre;;;;;;;;;;;;;x
c_anmatyerre;Anmatyerre;;;;;;;;;;;;;x
c_anmatyerre_adj;Anmatyerre;;;;;;;;;;;;;x
b_anmatyerre-i;Anmatyerre;;;;;;;;;;;;;x
c_hughenden;Wakabunga;;;;;;;;;;;;;x
c_hughenden_adj;Wakabunga;;;;;;;;;;;;;x
b_hughenden-i;Wakabunga;;;;;;;;;;;;;x
c_alice_springs;Wakaya;;;;;;;;;;;;;x
c_alice_springs_adj;Wakaya;;;;;;;;;;;;;x
b_alice_springs-i;Wakaya;;;;;;;;;;;;;x
d_victoria;Wiradjuri;;;;;;;;;;;;;x
d_victoria_adj;Wiradjuri;;;;;;;;;;;;;x
c_canberra;Wiradjuri;;;;;;;;;;;;;x
c_canberra_adj;Wiradjuri;;;;;;;;;;;;;x
b_canberra-i;Wiradjuri;;;;;;;;;;;;;x
b_canberra-ii;Daroobalgie;;;;;;;;;;;;;x
c_goulburn;Ngunawal;;;;;;;;;;;;;x
c_goulburn_adj;Ngunawal;;;;;;;;;;;;;x
b_goulburn-i;Ngunawal;;;;;;;;;;;;;x
c_geelong;Geelong;;;;;;;;;;;;;x
c_geelong_adj;Geelong;;;;;;;;;;;;;x
b_geelong-i;Geelong;;;;;;;;;;;;;x
c_ngarigo;Ngarigo;;;;;;;;;;;;;x
c_ngarigo_adj;Ngarigo;;;;;;;;;;;;;x
b_ngarigo-i;Ngarigo;;;;;;;;;;;;;x
d_gulidjan;Gulidjan;;;;;;;;;;;;;x
d_gulidjan_adj;Gulidjan;;;;;;;;;;;;;x
c_gadubanud;Gadubanud;;;;;;;;;;;;;x
c_gadubanud_adj;Gadubanud;;;;;;;;;;;;;x
b_gadubanud-i;Gadubanud;;;;;;;;;;;;;x
c_gulidjan;Australia;;;;;;;;;;;;;x
c_gulidjan_adj;Gulidjan;;;;;;;;;;;;;x
b_gulidjan-i;Gulidjan;;;;;;;;;;;;;x
c_wathaurong;Wathaurong;;;;;;;;;;;;;x
c_wathaurong_adj;Wathaurong;;;;;;;;;;;;;x
b_wathaurong-i;Wathaurong;;;;;;;;;;;;;x
c_wurundjeri;Wurundjeri;;;;;;;;;;;;;x
c_wurundjeri_adj;Wurundjeri;;;;;;;;;;;;;x
b_wurundjeri-i;Wurundjeri;;;;;;;;;;;;;x
c_bunurong;Bunurong;;;;;;;;;;;;;x
c_bunurong_adj;Bunurong;;;;;;;;;;;;;x
b_bunurong-i;Bunurong;;;;;;;;;;;;;x
d_bourke;Australia;;;;;;;;;;;;;x
d_bourke_adj;Australia;;;;;;;;;;;;;x
c_melbourne;Melbourne;;;;;;;;;;;;;x
c_melbourne_adj;Melbourne;;;;;;;;;;;;;x
b_melbourne-i;Melbourne;;;;;;;;;;;;;x
d_tasmania;Tasmania;;;;;;;;;;;;;x
d_tasmania_adj;Tasmania;;;;;;;;;;;;;x
c_tyerremotepanner;Tyerremotepanner;;;;;;;;;;;;;x
c_tyerremotepanner_adj;Tyerremotepanner;;;;;;;;;;;;;x
b_kinimathatakinta;Kinimathatakinta;;;;;;;;;;;;;x
b_launceston_2;Launceston;;;;;;;;;;;;;x
b_campbell_town;Campbell Town;;;;;;;;;;;;;x
c_lairmairrener;Lairmairrener;;;;;;;;;;;;;x
c_lairmairrener_adj;Lairmairrener;;;;;;;;;;;;;x
b_waddamana;Waddamana;;;;;;;;;;;;;x
b_wayatinah;Wayatinah;;;;;;;;;;;;;x
c_tasmania;Toogee;;;;;;;;;;;;;x
c_tasmania_adj;Toogee;;;;;;;;;;;;;x
b_southwest;Southwest;;;;;;;;;;;;;x
c_tommeginne;Tommeginne;;;;;;;;;;;;;x
c_tommeginne_adj;Tommeginne;;;;;;;;;;;;;x
b_tommeginne;Tommeginne;;;;;;;;;;;;;x
b_burnie;Burnie;;;;;;;;;;;;;x
b_devonport;Devonport;;;;;;;;;;;;;x
b_ulverstone;Ulverstone;;;;;;;;;;;;;x
c_pyemmairre;Pyemmairre;;;;;;;;;;;;;x
c_pyemmairre_adj;Pyemmairre;;;;;;;;;;;;;x
b_pyemmairre;Pyemmairre;;;;;;;;;;;;;x
b_st_helens_2;St Helens;;;;;;;;;;;;;x
b_bicheno;Bicheno;;;;;;;;;;;;;x
b_bridport;Bridport;;;;;;;;;;;;;x
c_paredarerma;Paredarerma;;;;;;;;;;;;;x
c_paredarerma_adj;Paredarerma;;;;;;;;;;;;;x
b_hobart;Hobart;;;;;;;;;;;;;x
b_paredarerma;Paredarerma;;;;;;;;;;;;;x
b_triabunna;Triabunna;;;;;;;;;;;;;x
b_swansea_2;Swansea;;;;;;;;;;;;;x
b_rheban;Rheban;;;;;;;;;;;;;x
c_nuenonne;Nuenonne;;;;;;;;;;;;;x
c_nuenonne_adj;Nuenonne;;;;;;;;;;;;;x
b_southport;Southport;;;;;;;;;;;;;x
b_cygnet;Cygnet;;;;;;;;;;;;;x
b_geeveston;Geeveston;;;;;;;;;;;;;x
c_peerapper;Peerapper;;;;;;;;;;;;;x
c_peerapper_adj;Peerapper;;;;;;;;;;;;;x
b_peerapper;Peerapper;;;;;;;;;;;;;x
b_marrawah;marrawah;;;;;;;;;;;;;x
b_redpa;Redpa;;;;;;;;;;;;;x
d_perthh;Perthh;;;;;;;;;;;;;x
d_perthh_adj;Perthh;;;;;;;;;;;;;x
c_perthh;Perthh;;;;;;;;;;;;;x
c_perthh_adj;Perthh;;;;;;;;;;;;;x
b_perthh-i;Perthh;;;;;;;;;;;;;x
b_perthh-ii;Perthh;;;;;;;;;;;;;x
c_bunbury;Yuat;;;;;;;;;;;;;x
c_bunbury_adj;Yuat;;;;;;;;;;;;;x
b_bunbury-i;Yuat;;;;;;;;;;;;;x
c_balardung;Balardung;;;;;;;;;;;;;x
c_balardung_adj;Balardung;;;;;;;;;;;;;x
b_balardung-i;Balardung;;;;;;;;;;;;;x
b_balardung-ii;Gwambygine;;;;;;;;;;;;;x
c_nyaki-nyaki;Nyaki-Nyaki;;;;;;;;;;;;;x
c_nyaki-nyaki_adj;Nyaki-Nyaki;;;;;;;;;;;;;x
b_nyaki-nyaki-i;Nyaki-Nyaki;;;;;;;;;;;;;x
c_wudjari;Wudjari;;;;;;;;;;;;;x
c_wudjari_adj;Wudjari;;;;;;;;;;;;;x
b_wudjari-i;Wudjari;;;;;;;;;;;;;x
b_wudjari-ii;Condingup;;;;;;;;;;;;;x
d_ngatjumay;Ngatjumay;;;;;;;;;;;;;x
d_ngatjumay_adj;Ngatjumay;;;;;;;;;;;;;x
c_ngatjumay;Ngatjumay;;;;;;;;;;;;;x
c_ngatjumay_adj;Ngatjumay;;;;;;;;;;;;;x
b_ngatjumay-i;Ngatjumay;;;;;;;;;;;;;x
c_ravensthorpe;Mirning;;;;;;;;;;;;;x
c_ravensthorpe-adj;Mirning;;;;;;;;;;;;;x
b_ravensthorpe-i;Mirning;;;;;;;;;;;;;x
c_norseman;Malpa;;;;;;;;;;;;;x
c_norseman_adj;Malpa;;;;;;;;;;;;;x
b_norseman-i;Malpa;;;;;;;;;;;;;x
c_madura;Wangkathaa;;;;;;;;;;;;;x
c_madura_adj;Wangkathaa;;;;;;;;;;;;;x
b_madura-i;Wangkathaa;;;;;;;;;;;;;x
d_carnarvon;Mardu;;;;;;;;;;;;;x
d_carnarvon_adj;Mardu;;;;;;;;;;;;;x
c_carnarvon;Mardu;;;;;;;;;;;;;x
c_carnarvon_adj;Mardu;;;;;;;;;;;;;x
b_carnarvon-i;Mardu;;;;;;;;;;;;;x
c_exmouth;Ngaanyatjarra;;;;;;;;;;;;;x
c_exmouth_adj;Ngaanyatjarra;;;;;;;;;;;;;x
b_exmouth-i;Ngaanyatjarra;;;;;;;;;;;;;x
c_pintupi;Pintupi;;;;;;;;;;;;;x
c_pintupi_adj;Pintupi;;;;;;;;;;;;;x
b_pintupi-i;Pintupi;;;;;;;;;;;;;x
c_ngatatjara;Ngatatjara;;;;;;;;;;;;;x
c_ngatatjara_adj;Ngatatjara;;;;;;;;;;;;;x
b_ngatatjara-i;Ngatatjara;;;;;;;;;;;;;x
c_anangu;Anangu;;;;;;;;;;;;;x
c_anangu_adj;Anangu;;;;;;;;;;;;;x
b_anangu-i;Anangu;;;;;;;;;;;;;x
d_nana;Nana;;;;;;;;;;;;;x
d_nana_adj;Nana;;;;;;;;;;;;;x
c_nana;Nana;;;;;;;;;;;;;x
c_nana_adj;Nana;;;;;;;;;;;;;x
b_nana-i;Nana;;;;;;;;;;;;;x
c_kuwarra;Kuwarra;;;;;;;;;;;;;x
c_kuwarra_adj;Kuwarra;;;;;;;;;;;;;x
b_kuwarra-i;Kuwarra;;;;;;;;;;;;;x
c_kalbarri;Kalbarri;;;;;;;;;;;;;x
c_kalbarri_adj;Kalbarri;;;;;;;;;;;;;x
b_kalbarri-i;Kalbarri;;;;;;;;;;;;;x
c_walula;Walula;;;;;;;;;;;;;x
c_walula_adj;Walula;;;;;;;;;;;;;x
b_walula-i;Walula;;;;;;;;;;;;;x
d_albany2;Nyanganyatyara;;;;;;;;;;;;;x
d_albany2_adj;Nyanganyatyara;;;;;;;;;;;;;x
c_albany;Nyanganyatyara;;;;;;;;;;;;;x
c_albany_adj;Nyanganyatyara;;;;;;;;;;;;;x
b_albany-i;Nyanganyatyara;;;;;;;;;;;;;x
c_ngalea;Ngalea;;;;;;;;;;;;;x
c_ngalea_adj;Ngalea;;;;;;;;;;;;;x
b_ngalea-i;Ngalea;;;;;;;;;;;;;x
c_nakako;Nakako;;;;;;;;;;;;;x
c_nakako_adj;Nakako;;;;;;;;;;;;;x
b_nakako-i;Nakako;;;;;;;;;;;;;x
c_mandji;Mandji;;;;;;;;;;;;;x
c_mandji_adj;Mandji;;;;;;;;;;;;;x
b_mandji-i;Mandji;;;;;;;;;;;;;x
c_tjalkanti;Tjalkanti;;;;;;;;;;;;;x
c_tjalkanti_adj;Tjalkanti;;;;;;;;;;;;;x
b_tjalkanti-i;Tjalkanti;;;;;;;;;;;;;x
d_kaniyang;Kaniyang;;;;;;;;;;;;;x
d_kaniyang_adj;Kaniyang;;;;;;;;;;;;;x
c_goreng;Goreng;;;;;;;;;;;;;x
c_goreng_adj;Goreng;;;;;;;;;;;;;x
b_goreng-i;Goreng;;;;;;;;;;;;;x
b_goreng-ii;Needilup;;;;;;;;;;;;;x
b_goreng-iii;Jerramungup;;;;;;;;;;;;;x
c_pinjarup;Pinjarup;;;;;;;;;;;;;x
c_pinjarup_adj;Pinjarup;;;;;;;;;;;;;x
b_pinjarup-i;Pinjarup;;;;;;;;;;;;;x
b_pinjarup-ii;Merilup;;;;;;;;;;;;;x
c_wiiman;Wiiman;;;;;;;;;;;;;x
c_wiiman_adj;Wiiman;;;;;;;;;;;;;x
b_wiiman-i;Wiiman;;;;;;;;;;;;;x
b_wiiman-ii;Darkan;;;;;;;;;;;;;x
c_minang;Minang;;;;;;;;;;;;;x
c_minang_adj;Minang;;;;;;;;;;;;;x
b_minang-i;Minang;;;;;;;;;;;;;x
b_minang-ii;Narrikup;;;;;;;;;;;;;x
b_minang-iii;Kalgan;;;;;;;;;;;;;x
c_kaniyang;Kaniyang;;;;;;;;;;;;;x
c_kaniyang_adj;Kaniyang;;;;;;;;;;;;;x
b_kaniyang-i;Kaniyang;;;;;;;;;;;;;x
b_kaniyang-ii;Dinninup;;;;;;;;;;;;;x
b_kaniyang-iii;Boyanup;;;;;;;;;;;;;x
b_kaniyang-iv;Mayanup;;;;;;;;;;;;;x
c_wardandi;Wardandi;;;;;;;;;;;;;x
c_wardandi_adj;Wardandi;;;;;;;;;;;;;x
b_wardandi-i;Wardandi;;;;;;;;;;;;;x
b_wardandi-ii;Yallingup;;;;;;;;;;;;;x
b_wardandi-iii;Cowaramup;;;;;;;;;;;;;x
c_bibbulman;Bibbulman;;;;;;;;;;;;;x
c_bibbulman_adj;Bibbulman;;;;;;;;;;;;;x
b_bibbulman-i;Bibbulman;;;;;;;;;;;;;x
b_bibbulman-ii;Yeagarup;;;;;;;;;;;;;x
b_bibbulman-iii;Manjimup;;;;;;;;;;;;;x
b_bibbulman-iv;Jardee;;;;;;;;;;;;;x
d_southern_territory;Arrente;;;;;;;;;;;;;x
d_southern_territory_adj;Arrente;;;;;;;;;;;;;x
c_cloncurry;Arrente;;;;;;;;;;;;;x
c_cloncurry_adj;Arrente;;;;;;;;;;;;;x
b_cloncurry-i;Arrente;;;;;;;;;;;;;x
c_petermann;Antakarinja;;;;;;;;;;;;;x
c_petermann_adj;Antakarinja;;;;;;;;;;;;;x
b_petermann-i;Petermann;;;;;;;;;;;;;x
b_petermann-ii;Mount Woodroffe;;;;;;;;;;;;;x
b_petermann-iii;Tennant Creek;;;;;;;;;;;;;x
c_maria;Yankuntjatjara;;;;;;;;;;;;;x
c_maria_adj;Yankuntjatjara;;;;;;;;;;;;;x
b_maria;Yankuntjatjara;;;;;;;;;;;;;x
c_elliston;Luritja;;;;;;;;;;;;;x
c_elliston_adj;Luritja;;;;;;;;;;;;;x
b_elliston;Luritja;;;;;;;;;;;;;x
d_yandruwandha;Yandruwandha;;;;;;;;;;;;;x
d_yandruwandha_adj;Yandruwandha;;;;;;;;;;;;;x
c_yandruwandha;Yandruwandha;;;;;;;;;;;;;x
c_yandruwandha_adj;Yandruwandha;;;;;;;;;;;;;x
b_yandruwandha-i;Yandruwandha;;;;;;;;;;;;;x
c_karenggapa;Karenggapa;;;;;;;;;;;;;x
c_karenggapa_adj;Karenggapa;;;;;;;;;;;;;x
b_karenggapa-i;Karenggapa;;;;;;;;;;;;;x
c_kullila;Kullila;;;;;;;;;;;;;x
c_kullila_adj;Kullila;;;;;;;;;;;;;x
b_kullila-i;Kullila;;;;;;;;;;;;;x
c_yawrawarka;Yawrawarka;;;;;;;;;;;;;x
c_yawrawarka_adj;Yawrawarka;;;;;;;;;;;;;x
b_yawrawarka-i;Yawrawarka;;;;;;;;;;;;;x
d_yolngu;Yolngu;;;;;;;;;;;;;x
d_yolngu_adj;Yolngu;;;;;;;;;;;;;x
c_yolngu;Yolngu;;;;;;;;;;;;;x
c_yolngu_adj;Yolngu;;;;;;;;;;;;;x
b_yolngu-i;Yolngu;;;;;;;;;;;;;x
c_ngandi;Ngandi;;;;;;;;;;;;;x
c_ngandi_adj;Ngandi;;;;;;;;;;;;;x
b_ngandi-i;Ngandi;;;;;;;;;;;;;x
c_ngalkbun;Ngalkbun;;;;;;;;;;;;;x
c_ngalkbun_adj;Ngalkbun;;;;;;;;;;;;;x
b_ngalkbun-i;Ngalkbun;;;;;;;;;;;;;x
c_rembarnga;Rembarnga;;;;;;;;;;;;;x
c_rembarnga_adj;Rembarnga;;;;;;;;;;;;;x
b_rembarnga-i;Rembarnga;;;;;;;;;;;;;x
c_dangbon;Dangbon;;;;;;;;;;;;;x
c_dangbon_adj;Dangbon;;;;;;;;;;;;;x
b_dangbon-i;Dangbon;;;;;;;;;;;;;x
d_ngaliwuru;Ngaliwuru;;;;;;;;;;;;;x
d_ngaliwuru_adj;Ngaliwuru;;;;;;;;;;;;;x
c_karangpurru;Karangpurru;;;;;;;;;;;;;x
c_karangpurru_adj;Karangpurru;;;;;;;;;;;;;x
b_karangpurru-i;Karangpurru;;;;;;;;;;;;;x
c_ngaliwuru;Ngaliwuru;;;;;;;;;;;;;x
c_ngaliwuru_adj;Ngaliwuru;;;;;;;;;;;;;x
b_ngaliwuru-i;Ngaliwuru;;;;;;;;;;;;;x
c_wardaman;Wardaman;;;;;;;;;;;;;x
c_wardaman_adj;Wardaman;;;;;;;;;;;;;x
b_wardaman-i;Wardaman;;;;;;;;;;;;;x
c_yangman;Yangman;;;;;;;;;;;;;x
c_yangman_adj;Yangman;;;;;;;;;;;;;x
b_yangman-i;Yangman;;;;;;;;;;;;;x
d_warumungu;Warumungu;;;;;;;;;;;;;x
d_warumungu_adj;Warumungu;;;;;;;;;;;;;x
c_warumungu;Warumungu;;;;;;;;;;;;;x
c_warumungu_adj;Warumungu;;;;;;;;;;;;;x
b_warumungu-i;Warumungu;;;;;;;;;;;;;x
c_augustaa;Wambaya;;;;;;;;;;;;;x
c_augustaa_adj;Wambaya;;;;;;;;;;;;;x
b_augustaa-i;Wambaya;;;;;;;;;;;;;x
c_hurelthport;Jingili;;;;;;;;;;;;;x
c_hurelthport_adj;Jingili;;;;;;;;;;;;;x
b_hurelthport-i;Jingili;;;;;;;;;;;;;x
c_mudburra;Mudburra;;;;;;;;;;;;;x
c_mudburra_adj;Mudburra;;;;;;;;;;;;;x
b_mudburra-i;Mudburra;;;;;;;;;;;;;x
c_warlmanpa;Warlmanpa;;;;;;;;;;;;;x
c_warlmanpa_adj;Warlmanpa;;;;;;;;;;;;;x
b_warlmanpa-i;Warlmanpa;;;;;;;;;;;;;x
c_bilinara;Bilinara;;;;;;;;;;;;;x
c_bilinara_adj;Bilinara;;;;;;;;;;;;;x
b_bilinara-i;Bilinara;;;;;;;;;;;;;x
d_alawa;Alawa;;;;;;;;;;;;;x
d_alawa_adj;Alawa;;;;;;;;;;;;;x
c_alawa;Alawa;;;;;;;;;;;;;x
c_alawa_adj;Alawa;;;;;;;;;;;;;x
b_alawa-i;Alawa;;;;;;;;;;;;;x
c_mara;Mara;;;;;;;;;;;;;x
c_mara_adj;Mara;;;;;;;;;;;;;x
b_mara-i;Mara;;;;;;;;;;;;;x
c_mangarayi;Mangarayi;;;;;;;;;;;;;x
c_mangarayi_adj;Mangarayi;;;;;;;;;;;;;x
b_mangarayi-i;Mangarayi;;;;;;;;;;;;;x
c_ngalakan;Ngalakan;;;;;;;;;;;;;x
c_ngalakan_adj;Ngalakan;;;;;;;;;;;;;x
b_ngalakan-i;Ngalakan;;;;;;;;;;;;;x
d_tiwi;Tiwi;;;;;;;;;;;;;x
d_tiwi_adj;Tiwi;;;;;;;;;;;;;x
c_tiwi;Tiwi;;;;;;;;;;;;;x
c_tiwi_adj;Tiwi;;;;;;;;;;;;;x
b_tiwi-i;Tiwi;;;;;;;;;;;;;x
c_woolna;Woolna;;;;;;;;;;;;;x
c_woolna_adj;Woolna;;;;;;;;;;;;;x
b_woolna-i;Woolna;;;;;;;;;;;;;x
c_larrakia;Larrakia;;;;;;;;;;;;;x
c_larrakia_adj;Larrakia;;;;;;;;;;;;;x
b_larrakia-i;Larrakia;;;;;;;;;;;;;x
c_kungarakany;Kungarakany;;;;;;;;;;;;;x
c_kungarakany_adj;Kungarakany;;;;;;;;;;;;;x
b_kungarakany-i;Kungarakany;;;;;;;;;;;;;x
d_wunigark;Wunigark;;;;;;;;;;;;;x
d_wunigark_adj;Wunigark;;;;;;;;;;;;;x
c_wunigark;Wunigark;;;;;;;;;;;;;x
c_wunigark_adj;Wunigark;;;;;;;;;;;;;x
b_wunigark-i;Wunigark;;;;;;;;;;;;;x
c_gunwinggu;Gunwinggu;;;;;;;;;;;;;x
c_gunwinggu_adj;Gunwinggu;;;;;;;;;;;;;x
b_gunwinggu-i;Gunwinggu;;;;;;;;;;;;;x
c_klundjeymi;Klundjeymi;;;;;;;;;;;;;x
c_klundjeymi_adj;Klundjeymi;;;;;;;;;;;;;x
b_klundjeymi-i;Klundjeymi;;;;;;;;;;;;;x
c_amarak;Amarak;;;;;;;;;;;;;x
c_amarak_adj;Amarak;;;;;;;;;;;;;x
b_amarak-i;Amarak;;;;;;;;;;;;;x
c_iwaidja;Iwaidja;;;;;;;;;;;;;x
c_iwaidja_adj;Iwaidja;;;;;;;;;;;;;x
b_iwaidja-i;Iwaidja;;;;;;;;;;;;;x
d_doolboong;Doolboong;;;;;;;;;;;;;x
d_doolboong_adj;Doolboong;;;;;;;;;;;;;x
c_doolboong;Doolboong;;;;;;;;;;;;;x
c_doolboong_adj;Doolboong;;;;;;;;;;;;;x
b_doolboong-i;Doolboong;;;;;;;;;;;;;x
c_jaminjung;Jaminjung;;;;;;;;;;;;;x
c_jaminjung_adj;Jaminjung;;;;;;;;;;;;;x
b_jaminjung-i;Jaminjung;;;;;;;;;;;;;x
c_nangah;Nangah;;;;;;;;;;;;;x
c_nangah_adj;Nangah;;;;;;;;;;;;;x
b_nangah-i;Nangah;;;;;;;;;;;;;x
c_ngarinman;Ngarinman;;;;;;;;;;;;;x
c_ngarinman_adj;Ngarinman;;;;;;;;;;;;;x
b_ngarinman-i;Ngarinman;;;;;;;;;;;;;x
d_malakmalak;Malakmalak;;;;;;;;;;;;;x
d_malakmalak_adj;Malakmalak;;;;;;;;;;;;;x
c_malakmalak;Malakmalak;;;;;;;;;;;;;x
c_malakmalak_adj;Malakmalak;;;;;;;;;;;;;x
b_malakmalak-i;Malakmalak;;;;;;;;;;;;;x
c_ngangiwumirri;Ngangiwumirri;;;;;;;;;;;;;x
c_ngangiwumirri_adj;Ngangiwumirri;;;;;;;;;;;;;x
b_ngangiwumirri-i;Ngangiwumirri;;;;;;;;;;;;;x
c_marramanindjdji;Marramanindjdji;;;;;;;;;;;;;x
c_marramanindjdji_adj;Marramanindjdji;;;;;;;;;;;;;x
b_marramanindjdji-i;Marramanindjdji;;;;;;;;;;;;;x
c_murrinh-patha;Murrinh-Patha;;;;;;;;;;;;;x
c_murrinh-patha_adj;Murrinh-Patha;;;;;;;;;;;;;x
b_murrinh-patha-i;Murrinh-Patha;;;;;;;;;;;;;x
d_bukurnidja;Bukurnidja;;;;;;;;;;;;;x
d_bukurnidja_adj;Bukurnidja;;;;;;;;;;;;;x
c_bukurnidja;Bukurnidja;;;;;;;;;;;;;x
c_bukurnidja_adj;Bukurnidja;;;;;;;;;;;;;x
b_bukurnidja-i;Bukurnidja;;;;;;;;;;;;;x
c_ngombur;Ngombur;;;;;;;;;;;;;x
c_ngombur_adj;Ngombur;;;;;;;;;;;;;x
b_ngombur-i;Ngombur;;;;;;;;;;;;;x
c_konbudj;Konbudj;;;;;;;;;;;;;x
c_konbudj_adj;Konbudj;;;;;;;;;;;;;x
b_konbudj-i;Konbudj;;;;;;;;;;;;;x
c_mbukarla;Mbukarla;;;;;;;;;;;;;x
c_mbukarla_adj;Mbukarla;;;;;;;;;;;;;x
b_mbukarla-i;Mbukarla;;;;;;;;;;;;;x
c_limilngan;Limilngan;;;;;;;;;;;;;x
c_limilngan_adj;Limilngan;;;;;;;;;;;;;x
b_limilngan-i;Limilngan;;;;;;;;;;;;;x
d_kuwema;Kuwema;;;;;;;;;;;;;x
d_kuwema_adj;Kuwema;;;;;;;;;;;;;x
c_kuwema;Kuwema;;;;;;;;;;;;;x
c_kuwema_adj;Kuwema;;;;;;;;;;;;;x
b_kuwema-i;Kuwema;;;;;;;;;;;;;x
c_tjerrati;Tjerrati;;;;;;;;;;;;;x
c_tjerrati_adj;Tjerrati;;;;;;;;;;;;;x
b_tjerrati-i;Tjerrati;;;;;;;;;;;;;x
c_wadyiginy;Wadyiginy;;;;;;;;;;;;;x
c_wadyiginy_adj;Wadyiginy;;;;;;;;;;;;;x
b_wadyiginy-i;Wadyiginy;;;;;;;;;;;;;x
c_maranunggu;Maranunggu;;;;;;;;;;;;;x
c_maranunggu_adj;Maranunggu;;;;;;;;;;;;;x
b_maranunggu-i;Maranunggu;;;;;;;;;;;;;x
d_taungurong;Taungurong;;;;;;;;;;;;;x
d_taungurong_adj;Taungurong;;;;;;;;;;;;;x
c_taungurong;Taungurong;;;;;;;;;;;;;x
c_taungurong_adj;Taungurong;;;;;;;;;;;;;x
b_taungurong-i;Taungurong;;;;;;;;;;;;;x
c_waveroo;Waveroo;;;;;;;;;;;;;x
c_waveroo_adj;Waveroo;;;;;;;;;;;;;x
b_waveroo-i;Waveroo;;;;;;;;;;;;;x
c_yorta_yorta;Yorta Yorta;;;;;;;;;;;;;x
c_yorta_yorta_adj;Yorta Yorta;;;;;;;;;;;;;x
b_yorta_yorta-i;Yorta Yorta;;;;;;;;;;;;;x
c_ngurrailam;Ngurrailam;;;;;;;;;;;;;x
c_ngurrailam_adj;Ngurrailam;;;;;;;;;;;;;x
b_ngurrailam-i;Ngurrailam;;;;;;;;;;;;;x
d_dieri;Dieri;;;;;;;;;;;;;x
d_dieri_adj;Dieri;;;;;;;;;;;;;x
c_dieri;Dieri;;;;;;;;;;;;;x
c_dieri_adj;Dieri;;;;;;;;;;;;;x
b_dieri-i;Dieri;;;;;;;;;;;;;x
c_tennant;Tennant;;;;;;;;;;;;;x
c_tennant_adj;Tennant;;;;;;;;;;;;;x
b_tennant-i;Tennant;;;;;;;;;;;;;x
c_thargomindah;Thargomindah;;;;;;;;;;;;;x
c_thargomindah_adj;Thargomindah;;;;;;;;;;;;;x
b_thargomindah-i;Thargomindah;;;;;;;;;;;;;x
c_dhirari;Dhirari;;;;;;;;;;;;;x
c_dhirari_adj;Dhirari;;;;;;;;;;;;;x
b_dhirari-i;Dhirari;;;;;;;;;;;;;x
c_karangura;Karangura;;;;;;;;;;;;;x
c_karangura_adj;Karangura;;;;;;;;;;;;;x
b_karangura-i;Karangura;;;;;;;;;;;;;x
c_ngamini;Ngamini;;;;;;;;;;;;;x
c_ngamini_adj;Ngamini;;;;;;;;;;;;;x
b_ngamini-i;Ngamini;;;;;;;;;;;;;x
d_pirlatapa;Pirlatapa;;;;;;;;;;;;;x
d_pirlatapa_adj;Pirlatapa;;;;;;;;;;;;;x
c_pirlatapa;Pirlatapa;;;;;;;;;;;;;x
c_pirlatapa_adj;Pirlatapa;;;;;;;;;;;;;x
b_pirlatapa-i;Pirlatapa;;;;;;;;;;;;;x
c_gilgandra;Gilgandra;;;;;;;;;;;;;x
c_gilgandra_adj;Gilgandra;;;;;;;;;;;;;x
b_gilgandra-i;Gilgandra;;;;;;;;;;;;;x
c_bandjigali;Bandjigali;;;;;;;;;;;;;x
c_bandjigali_adj;Bandjigali;;;;;;;;;;;;;x
b_bandjigali-i;Bandjigali;;;;;;;;;;;;;x
d_gundungurra;Gundungurra;;;;;;;;;;;;;x
d_gundungurra_adj;Gundungurra;;;;;;;;;;;;;x
c_gundungurra;Gundungurra;;;;;;;;;;;;;x
c_gundungurra_adj;Gundungurra;;;;;;;;;;;;;x
b_gundungurra-i;Gundungurra;;;;;;;;;;;;;x
c_geawegal;Geawegal;;;;;;;;;;;;;x
c_geawegal_adj;Geawegal;;;;;;;;;;;;;x
b_geawegal-i;Geawegal;;;;;;;;;;;;;x
c_dharug;Dharug;;;;;;;;;;;;;x
c_dharug_adj;Dharug;;;;;;;;;;;;;x
b_dharug-i;Dharug;;;;;;;;;;;;;x
c_darkinung;Darkinung;;;;;;;;;;;;;x
c_darkinung_adj;Darkinung;;;;;;;;;;;;;x
b_darkinung-i;Darkinung;;;;;;;;;;;;;x
c_wonnarua;Wonnarua;;;;;;;;;;;;;x
c_wonnarua_adj;Wonnarua;;;;;;;;;;;;;x
b_wonnarua-i;Wonnarua;;;;;;;;;;;;;x
d_turuwal;Turuwal;;;;;;;;;;;;;x
d_turuwal_adj;Turuwal;;;;;;;;;;;;;x
c_turuwal;Turuwal;;;;;;;;;;;;;x
c_turuwal_adj;Turuwal;;;;;;;;;;;;;x
b_turuwal-i;Turuwal;;;;;;;;;;;;;x
c_eora;Eora;;;;;;;;;;;;;x
c_eora_adj;Eora;;;;;;;;;;;;;x
b_eora-i;Eora;;;;;;;;;;;;;x
c_kuring-gai;Kuring-Gai;;;;;;;;;;;;;x
c_kuring-gai_adj;Kuring-Gai;;;;;;;;;;;;;x
b_kuring-gai-i;Kuring-Gai;;;;;;;;;;;;;x
c_awabakal;Awabakal;;;;;;;;;;;;;x
c_awabakal_adj;Awabakal;;;;;;;;;;;;;x
b_awabakal-i;Awabakal;;;;;;;;;;;;;x
c_worimi;Worimi;;;;;;;;;;;;;x
c_worimi_adj;Worimi;;;;;;;;;;;;;x
b_worimi-i;Worimi;;;;;;;;;;;;;x
d_gunai;Gunai;;;;;;;;;;;;;x
d_gunai_adj;Gunai;;;;;;;;;;;;;x
c_gunai;Gunai;;;;;;;;;;;;;x
c_gunai_adj;Gunai;;;;;;;;;;;;;x
b_gunai-i;Gunai;;;;;;;;;;;;;x
c_bidwell;Bidwell;;;;;;;;;;;;;x
c_bidwell_adj;Bidwell;;;;;;;;;;;;;x
b_bidwell-i;Bidwell;;;;;;;;;;;;;x
c_yuin;Yuin;;;;;;;;;;;;;x
c_yuin_adj;Yuin;;;;;;;;;;;;;x
b_yuin-i;Yuin;;;;;;;;;;;;;x
d_giraiwurung;Giraiwurung;;;;;;;;;;;;;x
d_giraiwurung_adj;Giraiwurung;;;;;;;;;;;;;x
c_giraiwurung;Giraiwurung;;;;;;;;;;;;;x
c_giraiwurung_adj;Giraiwurung;;;;;;;;;;;;;x
b_giraiwurung-i;Giraiwurung;;;;;;;;;;;;;x
c_djabwurung;Djabwurung;;;;;;;;;;;;;x
c_djabwurung_adj;Djabwurung;;;;;;;;;;;;;x
b_djabwurung-i;Djabwurung;;;;;;;;;;;;;x
c_jardwadjali;Jardwadjali;;;;;;;;;;;;;x
c_jardwadjali_adj;Jardwadjali;;;;;;;;;;;;;x
b_jardwadjali-i;Jardwadjali;;;;;;;;;;;;;x
c_djargurdwurung;Djargurdwurung;;;;;;;;;;;;;x
c_djargurdwurung_adj;Djargurdwurung;;;;;;;;;;;;;x
b_djargurdwurung-i;Djargurdwurung;;;;;;;;;;;;;x
d_meru;Meru;;;;;;;;;;;;;x
d_meru_adj;Meru;;;;;;;;;;;;;x
c_peramangk;Peramangk;;;;;;;;;;;;;x
c_peramangk_adj;Peramangk;;;;;;;;;;;;;x
b_peramangk-i;Peramangk;;;;;;;;;;;;;x
c_meru;Meru;;;;;;;;;;;;;x
c_meru_adj;Meru;;;;;;;;;;;;;x
b_meru-i;Meru;;;;;;;;;;;;;x
c_ngargad;Ngargad;;;;;;;;;;;;;x
c_ngargad_adj;Ngargad;;;;;;;;;;;;;x
b_ngargad-i;Ngargad;;;;;;;;;;;;;x
c_ngarrindjeri;Ngarrindjeri;;;;;;;;;;;;;x
c_ngarrindjeri_adj;Ngarrindjeri;;;;;;;;;;;;;x
b_ngarrindjeri-i;Ngarrindjeri;;;;;;;;;;;;;x
c_bindjali;Bindjali;;;;;;;;;;;;;x
c_bindjali_adj;Bindjali;;;;;;;;;;;;;x
b_bindjali-i;Bindjali;;;;;;;;;;;;;x
c_buandig;Buandig;;;;;;;;;;;;;x
c_buandig_adj;Buandig;;;;;;;;;;;;;x
b_buandig-i;Buandig;;;;;;;;;;;;;x
d_kaurna;Kaurna;;;;;;;;;;;;;x
d_kaurna_adj;Kaurna;;;;;;;;;;;;;x
c_kaurna;Kaurna;;;;;;;;;;;;;x
c_kaurna_adj;Kaurna;;;;;;;;;;;;;x
b_kaurna-i;Kaurna;;;;;;;;;;;;;x
c_kartan;Kartan;;;;;;;;;;;;;x
c_kartan_adj;Kartan;;;;;;;;;;;;;x
b_kartan-i;Kartan;;;;;;;;;;;;;x
c_narangga;Narangga;;;;;;;;;;;;;x
c_narangga_adj;narangga;;;;;;;;;;;;;x
b_narangga-i;narangga;;;;;;;;;;;;;x
c_ngadjuri;Ngadjuri;;;;;;;;;;;;;x
c_ngadjuri_adj;Ngadjuri;;;;;;;;;;;;;x
b_ngadjuri-i;Ngadjuri;;;;;;;;;;;;;x
c_nukunu;Nukunu;;;;;;;;;;;;;x
c_nukunu_adj;Nukunu;;;;;;;;;;;;;x
b_nukunu-i;Nukunu;;;;;;;;;;;;;x
d_marringarr;Marringarr;;;;;;;;;;;;;x
d_marringarr_adj;Marringarr;;;;;;;;;;;;;x
c_marringarr;Marringarr;;;;;;;;;;;;;x
c_marringarr_adj;Marringarr;;;;;;;;;;;;;x
b_marringarr-i;Marringarr;;;;;;;;;;;;;x
c_ngangikurunggurr;Ngangikurunggurr;;;;;;;;;;;;;x
c_ngangikurunggurr_adj;Ngangikurunggurr;;;;;;;;;;;;;x
b_ngangikurunggurr-i;Ngangikurunggurr;;;;;;;;;;;;;x
c_marrithiyel;Marrithiyel;;;;;;;;;;;;;x
c_marrithiyel_adj;Marrithiyel;;;;;;;;;;;;;x
b_marrithiyel-i;Marrithiyel;;;;;;;;;;;;;x
d_darwin;Jawoyn;;;;;;;;;;;;;x
d_darwin_adj;Jawoyn;;;;;;;;;;;;;x
c_darwin;Jawoyn;;;;;;;;;;;;;x
c_darwin_adj;Jawoyn;;;;;;;;;;;;;x
b_darwin-i;Jawoyn;;;;;;;;;;;;;x
c_warray;Warray;;;;;;;;;;;;;x
c_warray_adj;Warray;;;;;;;;;;;;;x
b_warray-i;Warray;;;;;;;;;;;;;x
c_wagiman;Wagiman;;;;;;;;;;;;;x
c_wagiman_adj;Wagiman;;;;;;;;;;;;;x
b_wagiman-i;Wagiman;;;;;;;;;;;;;x
d_northern_territory;Gunivugi;;;;;;;;;;;;;x
d_northern_territory_adj;Gunivugi;;;;;;;;;;;;;x
c_davenport;Gunivugi;;;;;;;;;;;;;x
c_davenport_adj;Gunivugi;;;;;;;;;;;;;x
b_davenport-i;Gunivugi;;;;;;;;;;;;;x
c_nakara;Nakara;;;;;;;;;;;;;x
c_nakara_adj;Nakara;;;;;;;;;;;;;x
b_nakara-i;Nakara;;;;;;;;;;;;;x
c_gungurugomi;Gungurugomi;;;;;;;;;;;;;x
c_gungurugomi_adj;Gungurugomi;;;;;;;;;;;;;x
b_gungurugomi-i;Gungurugomi;;;;;;;;;;;;;x
c_gunbalang;Gunbalang;;;;;;;;;;;;;x
c_gunbalang_adj;Gunbalang;;;;;;;;;;;;;x
b_gunbalang-i;Gunbalang;;;;;;;;;;;;;x
d_donggali;Donggali;;;;;;;;;;;;;x
d_donggali_adj;Donggali;;;;;;;;;;;;;x
b_donggali-i;Donggali;;;;;;;;;;;;;x
c_adelaiede;Barkindji;;;;;;;;;;;;;x
c_adelaiede_adj;Barkindji;;;;;;;;;;;;;x
b_adelaiede-i;Barkindji;;;;;;;;;;;;;x
c_wiljali;Wiljali;;;;;;;;;;;;;x
c_wiljali_adj;Wiljali;;;;;;;;;;;;;x
b_wiljali-i;Wiljali;;;;;;;;;;;;;x
c_wandjiwalgu;Wandjiwalgu;;;;;;;;;;;;;x
c_wandjiwalgu_adj;Wandjiwalgu;;;;;;;;;;;;;x
b_wandjiwalgu-i;Wandjiwalgu;;;;;;;;;;;;;x
c_malyangaba;Malyangaba;;;;;;;;;;;;;x
c_malyangaba_adj;Malyangaba;;;;;;;;;;;;;x
b_malyangaba-i;Malyangaba;;;;;;;;;;;;;x
c_danggali;Danggali;;;;;;;;;;;;;x
c_danggali_adj;Danggali;;;;;;;;;;;;;x
b_danggali-i;Danggali;;;;;;;;;;;;;x
d_south_australia;Wirangu;;;;;;;;;;;;;x
d_south_australia_adj;Wirangu;;;;;;;;;;;;;x
c_ceduna;Wirangu;;;;;;;;;;;;;x
c_ceduna_adj;Wirangu;;;;;;;;;;;;;x
b_ceduna-i;Wirangu;;;;;;;;;;;;;x
c_woomera;Kokatha;;;;;;;;;;;;;x
c_woomera_adj;Kokatha;;;;;;;;;;;;;x
b_woomera-i;Kokatha;;;;;;;;;;;;;x
c_port_pirie;Nawu;;;;;;;;;;;;;x
c_port_pirie_adj;Nawu;;;;;;;;;;;;;x
b_port_pirie-i;Nawu;;;;;;;;;;;;;x
c_banggarla;Banggarla;;;;;;;;;;;;;x
c_banggarla_adj;Banggarla;;;;;;;;;;;;;x
b_banggarla-i;Banggarla;;;;;;;;;;;;;x
c_whyalla;Andyamathanha;;;;;;;;;;;;;x
c_whyalla_adj;Andyamathanha;;;;;;;;;;;;;x
b_whyalla-i;Andyamathanha;;;;;;;;;;;;;x
c_renmark;Kuyani;;;;;;;;;;;;;x
c_renmark_adj;Kuyani;;;;;;;;;;;;;x
b_renmark-i;Kuyani;;;;;;;;;;;;;x