celide;Céli Dé;Céli Dé;Céli Dé;;Céli Dé;;;;;;;;;x
arian;Arian;Arian;Arian;;Arriano;;;;;;;;;x
hussite;Hussite;Hussite;Hussitischen;;Husita;;;;;;;;;x
sufi;Sufi;Sufi;Sufi;;Sufi;;;;;;;;;x
ismaili;Isma'ili;Isma'ili;Isma'ili;;Isma'ili;;;;;;;;;x
druidic_pagan;Druidic;Druidisme;Druidismus;;Druidísmo;;;;;;;;;x
germanic_pagan;Wodanaz;Wodanaz;Wodanaz;;Wodanaz;;;;;;;;;x
greek_pagan;Hellenismos;Hellenismos;Hellenismos;;Hellenismos;;;;;;;;;x
roman_pagan;Mos Maiorum;Mos Maiorum;Mos Maiorum;;Mos Maiorum;;;;;;;;;x
magyar_pagan;Táltoskövetö;Táltoskövetö;Táltoskövetö;;Táltoskövetö;;;;;;;;;x
basque_pagan;Marijarraitzaile;Marijarraitzaile;Marijarraitzaile;;Marijarraitzaile;;;;;;;;;x
latvian_pagan;Dievturïba;Dievturïba;Dievturïba;;Dievturïba;;;;;;;;;x
lappish_pagan;Noaidevuohta;Noaidevuohta;Noaidevuohta;;Noaidevuohta;;;;;;;;;x
armenian_pagan;Ditsovhetevord;Ditsovhetevord;Ditsovhetevord;;Ditsovhetevord;;;;;;;;;x
avar_pagan;Vainakh;Vainakh;Vainakh;;Vainakh;;;;;;;;;x
komi_pagan;Voipel'lov;Voipel'lov;Voipel'lov;;Voipel'lov;;;;;;;;;x
samoyedic_pagan;Tadibya;Tadibya;Tadibya;;Tadibya;;;;;;;;;x
estonian_pagan;Taarausk;Taarausk;Taarausk;;Taarausk;;;;;;;;;x
volga_pagan;Chimariy Yüla;Chimariy Yüla;Chimariy Yüla;;Chimariy Yüla;;;;;;;;;x
yugra_pagan;Torumiy;Torumiy;Torumiy;;Torumiy;;;;;;;;;x
africa_pagan;African Pagan;Païen l'Afrique;Afrikaner Heidnisch;;Pagano de África;;;;;;;;;x
guanchinet_pagan;Achamáni;Achamáni;Achamáni;;Achamánista;;;;;;;;;x
berber_pagan;Amanai;Amanai;Amanai;;Amanaista;;;;;;;;;x
vodun_pagan;Vodun;Vodun;Vodun;;Vodun;;;;;;;;;x
zurvanist;Zurvanist;Zurvanisme;Zurvanismus;;Zurvanísmo;;;;;;;;;x
steppe_pagan;Steppes Pagan;Païen des Steppes;Steppen Heidnisch;;Pagano de las Estepas;;;;;;;;;x
mesoamerican_pagan;Mesoamerican Pagan;Mésoaméricain Païenne;Mesoamerikanischen Heidnisch;;Mesoamericana Pagano;;;;;;;;;x
chinese_religion;Oriental Religions;Chinoise Païen;Chinesische Heidnisch;;Pagano Chino;;;;;;;;;x
shenjiao;Shénjiào;Shénjiào;Schénjiào;;Sénjiào;;;;;;;;;x
quanzhen;Quanzhen Dào (All True Taoist);Quanzhen Dào (Tout Taoïste Vrai);Quanzhen Dào (Alle Wahren Taoistischen);;Quanzhen Dào (Todos Taoísta Verdadero);;;;;;;;;x
shangqing;Shangqing Dào (Supreme Clarity Taoist);Shangqing Dào (Taoïste Clarté Suprême);Shangqing Dào (Obersten Klarheit Taoistischen);;Shangqing Dào (Claridad Suprema Taoísta);;;;;;;;;x
confucian;Confucian;Confucian;Confucian;Confucian;Confucian;;;;;;;;;x
shingyo;Shindo;Shindo;Shindo;;Shindo;;;;;;;;;x
nihon_shinto;Shinto;Shinto;Schinto;;Sinto;;;;;;;;;x
nihon_shinto_DESC;Shinto means the way of the gods. Shintoism is an Ancient religion of Japan. It started at least as long ago as 1000 B.C.E. but is still practiced today by at least five million people. The followers of Shintoism believe that spiritual powers exist in the natural world.;;;;;;;;;;;;;x
ainu_pantheism;Old Katunkamuy;Old Katunkamuï;Old Katunkamui;;Old Katunkamuí;;;;;;;;;x
ainu_pantheism_reformed;Katunkamuy;Katunkamuï;Katunkamui;;Katunkamuí;;;;;;;;;x
ryukyu_shinto;Koshinto;Koshinto;Koschinto;;Kosinto;;;;;;;;;x
melanesian_religion;Imunu;Imunu;Imunu;;Imunu;;;;;;;;;x
taiwanese_religion;Inibs;Inibs;Inibs;;Inibs;;;;;;;;;x
philippine_religion;Anito;Anito;Anito;;Anito;;;;;;;;;x
bornean_religion;Kaharingan;Kaharingan;Kaharingan;;Kaharingan;;;;;;;;;x
sulawesi_religion;Aluk;Aluk;Aluk;;Aluk;;;;;;;;;x
flores_religion;Marapu;Marapu;Marapu;;Marapu;;;;;;;;;x
java_religion;Kejawen;Kejawen;Kejawen;;Kejawen;;;;;;;;;x
sumatran_religion;Malim;Malim;Malim;;Malim;;;;;;;;;x
malagasy_religion;Andrianerinerinan;Andrianerinerinan;Andrianerinerinan;;Andrianerinerinan;;;;;;;;;x
qabbalah;Qabbalah;Qabbalah;Qabbalah;;Qabbalah;;;;;;;;;x
jurchen_pagan;Abkadahambi;Abkadahambi;Abkadahambi;;Abkadahambi;;;;;;;;;x
convert_to_insular;Convert to the Celtic Rite;Convert to the Celtic Rite;Convert to the Celtic Rite;;Convert to the Celtic Rite;;;;;;;;;x
convert_to_insular_adj;Convert back to the old traditions and rites of Insular Christianity.;Convert back to the old traditions and rites of Insular Christianity.;Convert back to the old traditions and rites of Insular Christianity.;;Convert back to the old traditions and rites of Insular Christianity.;;;;;;;;;x
jurchen_pagan_reformed;Reformed Abkadahambi;Reformed Abkadahambi;Reformed Abkadahambi;Reformed Abkadahambi;Reformed Abkadahambi;;;;;;;;;x
germanic_pagan_reformed;Reformed Wodanaz;Reformed Wodanaz;Reformed Wodanaz;Reformed Wodanaz;Reformed Wodanaz;;;;;;;;;x
magyar_pagan_reformed;Reformed Táltoskövetö;Reformed Táltoskövetö;Reformed Táltoskövetö;Reformed Táltoskövetö;Reformed Táltoskövetö;;;;;;;;;x
basque_pagan_reformed;Reformed Marijarraitzaile;Reformed Marijarraitzaile;Reformed Marijarraitzaile;Reformed Marijarraitzaile;Reformed Marijarraitzaile;;;;;;;;;x
lappish_pagan_reformed;Reformed Noaidevuohta;Reformed Noaidevuohta;Reformed Noaidevuohta;Reformed Noaidevuohta;Reformed Noaidevuohta;;;;;;;;;x
komi_pagan_reformed;Reformed Voipel'lov;Reformed Voipel'lov;Reformed Voipel'lov;Reformed Voipel'lov;Reformed Voipel'lov;;;;;;;;;x
samoyedic_pagan_reformed;Reformed Tadibya;Reformed Tadibya;Reformed Tadibya;Reformed Tadibya;Reformed Tadibya;;;;;;;;;x
estonian_pagan_reformed;Reformed Taarausk;Reformed Taarausk;Reformed Taarausk;Reformed Taarausk;Reformed Taarausk;;;;;;;;;x
volga_pagan_reformed;Reformed Chimariy Yüla;Reformed Chimariy Yüla;Reformed Chimariy Yüla;Reformed Chimariy Yüla;Reformed Chimariy Yüla;;;;;;;;;x
yugra_pagan_reformed;Reformed Torumiy;Reformed Torumiy;Reformed Torumiy;Reformed Torumiy;Reformed Torumiy;;;;;;;;;x
guanchinet_pagan_reformed;Reformed Achamáni;Reformed Achamáni;Reformed Achamáni;Reformed Achamáni;Reformed Achamáni;;;;;;;;;x
berber_pagan_reformed;Reformed Amanai;Reformed Amanai;Reformed Amanai;Reformed Amanai;Reformed Amanai;;;;;;;;;x
vodun_pagan_reformed;Reformed Vodun;Reformed Vodun;Reformed Vodun;Reformed Vodun;Reformed Vodun;;;;;;;;;x
ainu_pantheism_reformed;Reformed Katunkamuy;Reformed Katunkamuy;Reformed Katunkamuy;Reformed Katunkamuy;Reformed Katunkamuy;;;;;;;;;x
bon_reformed;Reformed Bön;Reformed Bön;Reformed Bön;Reformed Bön;Reformed Bön;;;;;;;;;x
melanesian_religion_reformed;Reformed Imunu;Reformed Imunu;Reformed Imunu;Reformed Imunu;Reformed Imunu;;;;;;;;;x
taiwanese_religion_reformed;Reformed Inibs;Reformed Inibs;Reformed Inibs;Reformed Inibs;Reformed Inibs;;;;;;;;;x
philippine_religion_reformed;Reformed Anito;Reformed Anito;Reformed Anito;Reformed Anito;Reformed Anito;;;;;;;;;x
bornean_religion_reformed;Reformed Kaharingan;Reformed Kaharingan;Reformed Kaharingan;Reformed Kaharingan;Reformed Kaharingan;;;;;;;;;x
sulawesi_religion_reformed;Reformed Aluk;Reformed Aluk;Reformed Aluk;Reformed Aluk;Reformed Aluk;;;;;;;;;x
flores_religion_reformed;Reformed Marapu;Reformed Marapu;Reformed Marapu;Reformed Marapu;Reformed Marapu;;;;;;;;;x
java_religion_reformed;Reformed Kejawen;Reformed Kejawen;Reformed Kejawen;Reformed Kejawen;Reformed Kejawen;;;;;;;;;x
sumatran_religion_reformed;Reformed Malim;Reformed Malim;Reformed Malim;Reformed Malim;Reformed Malim;;;;;;;;;x
malagasy_religion_reformed;Reformed Andrianerinerinan;Reformed Andrianerinerinan;Reformed Andrianerinerinan;Reformed Andrianerinerinan;Reformed Andrianerinerinan;;;;;;;;;x
brythonic_druidic_pagan;Brythonic Druidic;Brythonic Druidic;Brythonic Druidic;Brythonic Druidic;Brythonic Druidic;;;;;;;;;x
gaelic_druidic_pagan;Gaelic Druidic;Gaelic Druidic;Gaelic Druidic;Gaelic Druidic;Gaelic Druidic;;;;;;;;;x
kartvelian_pagan;Kartvelian;Kartvelian;Kartvelian;Kartvelian;Kartvelian;;;;;;;;;x
alan_pagan;Alan;Alan;Alan;Alan;Alan;;;;;;;;;x
caspian_pagan;Caspian;Caspian;Caspian;Caspian;Caspian;;;;;;;;;x
caspian_pagan_reformed;Reformed Caspian;Reformed Caspian;Reformed Caspian;Reformed Caspian;Reformed Caspian;;;;;;;;;x
pontic_pagan;Pontic;Pontic;Pontic;Pontic;Pontic;;;;;;;;;x
pontic_pagan_reformed;Reformed Pontic;Reformed Pontic;Reformed Pontic;Reformed Pontic;Reformed Pontic;;;;;;;;;x
serer_pagan;Fat Rog;Fat Rog;Fat Rog;Fat Rog;Fat Rog;;;;;;;;;x
serer_pagan_reformed;Reformed Fat Rog;Reformed Fat Rog;Reformed Fat Rog;Reformed Fat Rog;Reformed Fat Rog;;;;;;;;;x
nat;Nat;Nat;Nat;Nat;Nat;;;;;;;;;x
nat_DESC;Bamar-Pyu folk religion;Bamar-Pyu folk religion;Bamar-Pyu folk religion;Bamar-Pyu folk religion;Bamar-Pyu folk religion;;;;;;;;;x
sastsana_phi;Sastsana Phi;Sastsana Phi;Sastsana Phi;Sastsana Phi;Sastsana Phi;;;;;;;;;x
sastsana_phi_DESC;Tai folk religion;Tai folk religion;Tai folk religion;Tai folk religion;Tai folk religion;;;;;;;;;x
rmagao;Rmagao;Rmagao;Rmagao;Rmagao;Rmagao;;;;;;;;;x
rmagao_DESC;Qiang folk religion;Qiang folk religion;Qiang folk religion;Qiang folk religion;Qiang folk religion;;;;;;;;;x
shenjiao;Shenjiao;Shenjiao;Shenjiao;Shenjiao;Shenjiao;;;;;;;;;x
shenjiao_DESC;Chinese folk religion;Chinese folk religion;Chinese folk religion;Chinese folk religion;Chinese folk religion;;;;;;;;;x
benzhujiao;Benzhujiao;Benzhujiao;Benzhujiao;Benzhujiao;Benzhujiao;;;;;;;;;x
benzhujiao_DESC;Bai folk religion;Bai folk religion;Bai folk religion;Bai folk religion;Bai folk religion;;;;;;;;;x
bimojiao;Bimojiao;Bimojiao;Bimojiao;Bimojiao;Bimojiao;;;;;;;;;x
bimojiao_DESC;Yi(Lolo) folk religion;Yi(Lolo) folk religion;Yi(Lolo) folk religion;Yi(Lolo) folk religion;Yi(Lolo) folk religion;;;;;;;;;x
ua_dab;Ua Dab;Ua Dab;Ua Dab;Ua Dab;Ua Dab;;;;;;;;;x
ua_dab_DESC;Miao-Hmong folk religion;Miao-Hmong folk religion;Miao-Hmong folk religion;Miao-Hmong folk religion;Miao-Hmong folk religion;;;;;;;;;x
nugyauq;Nugyauq;Nugyauq;Nugyauq;Nugyauq;Nugyauq;;;;;;;;;x
nugyauq_DESC;Zhuang folk religion;Zhuang folk religion;Zhuang folk religion;Zhuang folk religion;Zhuang folk religion;;;;;;;;;x
thangiao;Thangiao;Thangiao;Thangiao;Thangiao;Thangiao;;;;;;;;;x
thangiao_DESC;Viet folk religion;Viet folk religion;Viet folk religion;Viet folk religion;Viet folk religion;;;;;;;;;x
shingyo_DESC;Prior to Christianity's arrival in the 17th and 18th centuries, Korean religion was rarely exclusivist, with many Koreans practising Buddhism, Daoism, Confucianism, and vernacular practices like Shindo simultaneously. There has been particular syncretism between musok practice and Buddhism. If asked, mudang will often identify as Buddhists, and often worship Buddhist deities, while some Korean Buddhist temples venerate deities traditionally associated with Shindo.;;;;;;;;;;;;;x
ryukyu_shinto_DESC;Ryukyu Shinto;Ryukyu Shinto;Ryukyu Shinto;Ryukyu Shinto;Ryukyu Shinto;;;;;;;;;x
confucian_DESC;Rújiä (Confucian);Rújiä (Confucian);Rújiä (Confucian);Rújiä (Confucian);Rújiä (Confucian);;;;;;;;;x
ainu_pantheism_DESC;Ainu Pantheism;Ainu Pantheism;Ainu Pantheism;Ainu Pantheism;Ainu Pantheism;;;;;;;;;x
melanesian_religion_DESC;Papuan folk religion;Papuan folk religion;Papuan folk religion;Papuan folk religion;Papuan folk religion;;;;;;;;;x
taiwanese_religion_DESC;Taiwanese folk religion;Taiwanese folk religion;Taiwanese folk religion;Taiwanese folk religion;Taiwanese folk religion;;;;;;;;;x
philippine_religion_DESC;Ma-i-an folk religion;Ma-i-an folk religion;Ma-i-an folk religion;Ma-i-an folk religion;Ma-i-an folk religion;;;;;;;;;x
bornean_religion_DESC;Tanjungpuran folk religion;Tanjungpuran folk religion;Tanjungpuran folk religion;Tanjungpuran folk religion;Tanjungpuran folk religion;;;;;;;;;x
sulawesi_religion_DESC;Sakasanusan folk religion;Sakasanusan folk religion;Sakasanusan folk religion;Sakasanusan folk religion;Sakasanusan folk religion;;;;;;;;;x
flores_religion_DESC;Larantukan folk religion;Larantukan folk religion;Larantukan folk religion;Larantukan folk religion;Larantukan folk religion;;;;;;;;;x
java_religion_DESC;Javan folk religion;Javan folk religion;Javan folk religion;Javan folk religion;Javan folk religion;;;;;;;;;x
sumatran_religion_DESC;Sumatran folk religion;Sumatran folk religion;Sumatran folk religion;Sumatran folk religion;Sumatran folk religion;;;;;;;;;x
malagasy_religion_DESC;Malagasy folk religion;Malagasy folk religion;Malagasy folk religion;Malagasy folk religion;Malagasy folk religion;;;;;;;;;x
jurchen_pagan_DESC;Jurchen shamanism;Jurchen shamanism;Jurchen shamanism;Jurchen shamanism;Jurchen shamanism;;;;;;;;;x
jurchen_pagan_reformed_DESC;Reformed Jurchen shamanism;Reformed Jurchen shamanism;Reformed Jurchen shamanism;Reformed Jurchen shamanism;Reformed Jurchen shamanism;;;;;;;;;x
ainu_pantheism_reformed_DESC;Reformed Ainu Pantheism;Reformed Ainu Pantheism;Reformed Ainu Pantheism;Reformed Ainu Pantheism;Reformed Ainu Pantheism;;;;;;;;;x
melanesian_religion_reformed_DESC;Reformed Papuan folk religion;Reformed Papuan folk religion;Reformed Papuan folk religion;Reformed Papuan folk religion;Reformed Papuan folk religion;;;;;;;;;x
taiwanese_religion_reformed_DESC;Reformed Taiwanese folk religion;Reformed Taiwanese folk religion;Reformed Taiwanese folk religion;Reformed Taiwanese folk religion;Reformed Taiwanese folk religion;;;;;;;;;x
philippine_religion_reformed_DESC;Reformed Ma-i-an folk religion;Reformed Ma-i-an folk religion;Reformed Ma-i-an folk religion;Reformed Ma-i-an folk religion;Reformed Ma-i-an folk religion;;;;;;;;;x
bornean_religion_reformed_DESC;Reformed Tanjungpuran folk religion;Reformed Tanjungpuran folk religion;Reformed Tanjungpuran folk religion;Reformed Tanjungpuran folk religion;Reformed Tanjungpuran folk religion;;;;;;;;;x
sulawesi_religion_reformed_DESC;Reformed Sakasanusan folk religion;Reformed Sakasanusan folk religion;Reformed Sakasanusan folk religion;Reformed Sakasanusan folk religion;Reformed Sakasanusan folk religion;;;;;;;;;x
flores_religion_reformed_DESC;Reformed Larantukan folk religion;Reformed Larantukan folk religion;Reformed Larantukan folk religion;Reformed Larantukan folk religion;Reformed Larantukan folk religion;;;;;;;;;x
java_religion_reformed_DESC;Reformed Javan folk religion;Reformed Javan folk religion;Reformed Javan folk religion;Reformed Javan folk religion;Reformed Javan folk religion;;;;;;;;;x
sumatran_religion_reformed_DESC;Reformed Sumatran folk religion;Reformed Sumatran folk religion;Reformed Sumatran folk religion;Reformed Sumatran folk religion;Reformed Sumatran folk religion;;;;;;;;;x
malagasy_religion_reformed_DESC;Reformed Malagasy folk religion;Reformed Malagasy folk religion;Reformed Malagasy folk religion;Reformed Malagasy folk religion;Reformed Malagasy folk religion;;;;;;;;;x
east_bantu_mythology;East Bantu Mythology;East Bantu Mythology;East Bantu Mythology;East Bantu Mythology;East Bantu Mythology;;;;;;;;;x
east_bantu_mythology_reformed;Reformed East Bantu;Reformed East Bantu;Reformed East Bantu;Reformed East Bantu;Reformed East Bantu;;;;;;;;;x
east_bantu_mythology_DESC;East Bantu Mythology;East Bantu Mythology;East Bantu Mythology;East Bantu Mythology;East Bantu Mythology;;;;;;;;;x
east_bantu_mythology_reformed_DESC;Reformed East Bantu;Reformed East Bantu;Reformed East Bantu;Reformed East Bantu;Reformed East Bantu;;;;;;;;;x
south_bantu_mythology;South Bantu Mythology;South Bantu Mythology;South Bantu Mythology;South Bantu Mythology;South Bantu Mythology;;;;;;;;;x
south_bantu_mythology_reformed;Reformed South Bantu;Reformed South Bantu;Reformed South Bantu;Reformed South Bantu;Reformed South Bantu;;;;;;;;;x
south_bantu_mythology_DESC;South Bantu Mythology;South Bantu Mythology;South Bantu Mythology;South Bantu Mythology;South Bantu Mythology;;;;;;;;;x
south_bantu_mythology_reformed_DESC;Reformed South Bantu;Reformed South Bantu;Reformed South Bantu;Reformed South Bantu;Reformed South Bantu;;;;;;;;;x
omotic_pagan;Omotic Pagan;Omotic Pagan;Omotic Pagan;Omotic Pagan;Omotic Pagan;;;;;;;;;x
omotic_pagan_reformed;Reformed Omotic Pagan;Reformed Omotic Pagan;Reformed Omotic Pagan;Reformed Omotic Pagan;Reformed Omotic Pagan;;;;;;;;;x
omotic_pagan_DESC;Omotic Pagan;Omotic Pagan;Omotic Pagan;Omotic Pagan;Omotic Pagan;;;;;;;;;x
omotic_pagan_DESC;Reformed Omotic Pagan;Reformed Omotic Pagan;Reformed Omotic Pagan;Reformed Omotic Pagan;Reformed Omotic Pagan;;;;;;;;;x
cushitic_pagan;Cushitic Pagan;Cushitic Pagan;Cushitic Pagan;Cushitic Pagan;Cushitic Pagan;;;;;;;;;x
cushitic_pagan_reformed;Reformed Cushitic Pagan;Reformed Cushitic Pagan;Reformed Cushitic Pagan;Reformed Cushitic Pagan;Reformed Cushitic Pagan;;;;;;;;;x
cushitic_pagan_DESC;Cushitic Pagan;Cushitic Pagan;Cushitic Pagan;Cushitic Pagan;Cushitic Pagan;;;;;;;;;x
cushitic_pagan_DESC;Reformed Cushitic Pagan;Reformed Cushitic Pagan;Reformed Cushitic Pagan;Reformed Cushitic Pagan;Reformed Cushitic Pagan;;;;;;;;;x
nilotic_pagan;Nilotic Pagan;Nilotic Pagan;Nilotic Pagan;Nilotic Pagan;Nilotic Pagan;;;;;;;;;x
nilotic_pagan_reformed;Reformed Nilotic Pagan;Reformed Nilotic Pagan;Reformed Nilotic Pagan;Reformed Nilotic Pagan;Reformed Nilotic Pagan;;;;;;;;;x
nilotic_pagan_DESC;Nilotic Pagan;Nilotic Pagan;Nilotic Pagan;Nilotic Pagan;Nilotic Pagan;;;;;;;;;x
nilotic_pagan_DESC;Reformed Nilotic Pagan;Reformed Nilotic Pagan;Reformed Nilotic Pagan;Reformed Nilotic Pagan;Reformed Nilotic Pagan;;;;;;;;;x
bantu_mythology;Bantu Mythology;Bantu Mythology;Bantu Mythology;Bantu Mythology;Bantu Mythology;Bantu Mythology;Bantu Mythology;Bantu Mythology;Bantu Mythology;Bantu Mythology;Bantu Mythology;Bantu Mythology;Bantu Mythology;x
khoi_san_mythology;Khoi-San Mythology;Khoi-San Mythology;Khoi-San Mythology;Khoi-San Mythology;Khoi-San Mythology;;;;;;;;;x
khoi_san_mythology_reformed;Reformed Khoi-San Mythology;Reformed Khoi-San Mythology;Reformed Khoi-San Mythology;Reformed Khoi-San Mythology;Reformed Khoi-San Mythology;;;;;;;;;x
khoi_san_mythology_DESC;Khoi-San Mythology;Khoi-San Mythology;Khoi-San Mythology;Khoi-San Mythology;Khoi-San Mythology;;;;;;;;;x
khoi_san_mythology_reformed_DESC;Reformed Khoi-San Mythology;Reformed Khoi-San Mythology;Reformed Khoi-San Mythology;Reformed Khoi-San Mythology;Reformed Khoi-San Mythology;;;;;;;;;x
inuit_pagan;Inuit;;;;;;;;;;;;;x
inuit_pagan_reformed;Inuit;;;;;;;;;;;;;x
inuit_pagan_DESC;Inuit;;;;;;;;;;;;;x
inuit_pagan_reformed_DESC;Inuit;;;;;;;;;;;;;x
algic_pagan;Algic;;;;;;;;;;;;;x
algic_pagan_reformed;Algic;;;;;;;;;;;;;x
algic_pagan_DESC;Algic;;;;;;;;;;;;;x
algic_pagan_reformed_DESC;Algic;;;;;;;;;;;;;x
dreamtime_religion;Dreamtime;Dreamtime;Dreamtime;Dreamtime;Dreamtime;;;;;;;;;x
dreamtime_religion_reformed;Reformed Dreamtime;Reformed Dreamtime;Reformed Dreamtime;Reformed Dreamtime;Reformed Dreamtime;;;;;;;;;x
dreamtime_religion_DESC;Dreamtime religion;Dreamtime religion;Dreamtime religion;Dreamtime religion;Dreamtime religion;;;;;;;;;x
dreamtime_religion_reformed_DESC;Reformed Dreamtime;Reformed Dreamtime;Reformed Dreamtime;Reformed Dreamtime;Reformed Dreamtime;;;;;;;;;x
animism;Animist;Animist;Animist;Animist;Animist;;;;;;;;;x
animism_reformed;Reformed Animist;Reformed Animist;Reformed Animist;Reformed Animist;Reformed Animist;;;;;;;;;x
animism_DESC;Animism religion;Animism religion;Animism religion;Animism religion;Animism religion;;;;;;;;;x
animism_reformed_DESC;Reformed Animism;Reformed Animism;Reformed Animism;Reformed Animism;Reformed Animism;;;;;;;;;x
mayan;Mayan;Mayan;Mayan;Mayan;Mayan;;;;;;;;;x
mayan_reformed;Reformed Mayan;Reformed Mayan;Reformed Mayan;Reformed Mayan;Reformed Mayan;;;;;;;;;x
mayan_DESC;Mayan religion;Mayan religion;Mayan religion;Mayan religion;Mayan religion;;;;;;;;;x
mayan_reformed_DESC;Reformed Mayan;Reformed Mayan;Reformed Mayan;Reformed Mayan;Reformed Mayan;;;;;;;;;x
aztec_reformed;Reformed Aztec;Reformed Aztec;Reformed Aztec;Reformed Aztec;Reformed Aztec;;;;;;;;;x
aztec_reformed_DESC;Reformed Aztec;Reformed Aztec;Reformed Aztec;Reformed Aztec;Reformed Aztec;;;;;;;;;x
maori_religion;Maori;Maori;Maori;Maori;Maori;;;;;;;;;x
maori_religion_DESC;Maori religion;Maori religion;Maori religion;Maori religion;Maori religion;;;;;;;;;x
maori_religion_reformed;Reformed Maori;Reformed Maori;Reformed Maori;Reformed Maori;Reformed Maori;;;;;;;;;x
maori_religion_reformed_DESC;Reformed Maori;Reformed Maori;Reformed Maori;Reformed Maori;Reformed Maori;;;;;;;;;x
inti;Inti;;;;;;;;;;;;;x
inti_reformed;Reformed Inti;;;;;;;;;;;;;x
inti_DESC;Inti;;;;;;;;;;;;;x
inti_reformed_DESC;Reformed Inti;Reformed Inti;Reformed Inti;Reformed Inti;Reformed Inti;;;;;;;;;x
south_american;Litoral;;;;;;;;;;;;;x
south_american_reformed;Reformed Litoral;;;;;;;;;;;;;x
south_american_DESC;Litoral;;;;;;;;;;;;;x
south_american_reformed_DESC;Reformed Litoral;;;;;;;;;;;;;x
chukchi_pantheism;Chukchi;;;;;;;;;;;;;x
chukchi_pantheism_desc;Chukchi;;;;;;;;;;;;;x
chukchi_pantheism_reformed;Reformed Chukchi;;;;;;;;;;;;;x
chukchi_pantheism_reformed_DESC;Reformed Chukchi;;;;;;;;;;;;;x
yukaghir_pantheism;Yukaghir;;;;;;;;;;;;;x
yukaghir_pantheism_DESC;Yukaghir;;;;;;;;;;;;;x
yukaghir_pantheism_reformed;Reformed Yukaghir;;;;;;;;;;;;;x
yukaghir_pantheism_reformed_DESC;Reformed Yukaghir;;;;;;;;;;;;;x
subartic_pagan;Subartic;;;;;;;;;;;;;x
subartic_pagan_desc;Subartic;;;;;;;;;;;;;x
subartic_pagan_reformed;Reformed Subartic;;;;;;;;;;;;;x
subartic_pagan_reformed_desc;Reformed Subartic;;;;;;;;;;;;;x
raven_tales;Xhuuyee K'iigaang;;;;;;;;;;;;;x
raven_tales_desc;Xhuuyee K'iigaang;;;;;;;;;;;;;x
raven_tales_reformed;Reformed Xhuuyee K'iigaang;;;;;;;;;;;;;x
raven_tales_reformed_desc;Reformed Xhuuyee K'iigaang;;;;;;;;;;;;;x
plateau_pagan;Plateau;;;;;;;;;;;;;x
plateau_pagan_desc;Plateau;;;;;;;;;;;;;x
plateau_pagan_reformed;Reformed Plateau;;;;;;;;;;;;;x
plateau_pagan_reformed_desc;Reformed Plateau;;;;;;;;;;;;;x
california_pagan;Californian;;;;;;;;;;;;;x
california_pagan_desc;Californian;;;;;;;;;;;;;x
california_pagan_reformed;Reformed Californian;;;;;;;;;;;;;x
california_pagan_reformed_desc;Reformed Californian;;;;;;;;;;;;;x
southwest_pagan;Southwestern;;;;;;;;;;;;;x
southwest_pagan_desc;Southwestern;;;;;;;;;;;;;x
southwest_pagan_reformed;Reformed Southwestern;;;;;;;;;;;;;x
southwest_pagan_reformed_desc;Reformed Southwestern;;;;;;;;;;;;;x
plains_pagan;Plains;;;;;;;;;;;;;x
plains_pagan_desc;Plains;;;;;;;;;;;;;x
plains_pagan_reformed;Reformed Plains;;;;;;;;;;;;;x
plains_pagan_reformed_desc;Reformed Plains;;;;;;;;;;;;;x
southeast_pagan;Southeastern;;;;;;;;;;;;;x
southeast_pagan_desc;Southeastern;;;;;;;;;;;;;x
southeast_pagan_reformed;Reformed Southeastern;;;;;;;;;;;;;x
southeast_pagan_reformed_desc;Reformed Southeastern;;;;;;;;;;;;;x
wastek_pagan;Wastek;;;;;;;;;;;;;x
wastek_pagan_desc;Wastek;;;;;;;;;;;;;x
wastek_pagan_reformed;Reformed Wastek;;;;;;;;;;;;;x
wastek_pagan_reformed_desc;Reformed Wastek;;;;;;;;;;;;;x
tarascan_pagan;Tarascan;;;;;;;;;;;;;x
tarascan_pagan_desc;Tarascan;;;;;;;;;;;;;x
tarascan_pagan_reformed;Reformed Tarascan;;;;;;;;;;;;;x
tarascan_pagan_reformed_desc;Reformed Tarascan;;;;;;;;;;;;;x
zapotec_pagan;Zapotek;;;;;;;;;;;;;x
zapotec_pagan_desc;Zapotek;;;;;;;;;;;;;x
zapotec_pagan_reformed;Reformed Zapotek;;;;;;;;;;;;;x
zapotec_pagan_reformed_desc;Reformed Zapotek;;;;;;;;;;;;;x
totonac_pagan;Totonac;;;;;;;;;;;;;x
totonac_pagan_desc;Totonac;;;;;;;;;;;;;x
totonac_pagan_reformed;Reformed Totonac;;;;;;;;;;;;;x
totonac_pagan_reformed_desc;Reformed Totonac;;;;;;;;;;;;;x
mixtec_pagan;Mixtec;;;;;;;;;;;;;x
mixtec_pagan_desc;Mixtec;;;;;;;;;;;;;x
mixtec_pagan_reformed;Reformed Mixtec;;;;;;;;;;;;;x
mixtec_pagan_reformed_desc;Reformed Mixtec;;;;;;;;;;;;;x
miskito_pagan;Miskito;;;;;;;;;;;;;x
miskito_pagan_desc;Miskito;;;;;;;;;;;;;x
miskito_pagan_reformed;Reformed Miskito;;;;;;;;;;;;;x
miskito_pagan_reformed_desc;Reformed Miskito;;;;;;;;;;;;;x
muisca_pagan;Muisca;;;;;;;;;;;;;x
muisca_pagan_desc;Muisca;;;;;;;;;;;;;x
muisca_pagan_reformed;Reformed Muisca;;;;;;;;;;;;;x
muisca_pagan_reformed_desc;Reformed Muisca;;;;;;;;;;;;;x
caribic_pagan;Caribic;;;;;;;;;;;;;x
caribic_pagan_desc;Caribic;;;;;;;;;;;;;x
caribic_pagan_reformed;Reformed Caribic;;;;;;;;;;;;;x
caribic_pagan_reformed_desc;Reformed Caribic;;;;;;;;;;;;;x
amazonian_pagan;Amazonian;;;;;;;;;;;;;x
amazonian_pagan_desc;Amazonian;;;;;;;;;;;;;x
amazonian_pagan_reformed;Reformed Amazonian;;;;;;;;;;;;;x
amazonian_pagan_reformed_desc;Reformed Amazonian;;;;;;;;;;;;;x
caran_pagan;Cara;;;;;;;;;;;;;x
caran_pagan_desc;Cara;;;;;;;;;;;;;x
caran_pagan_reformed;Reformed Cara;;;;;;;;;;;;;x
caran_pagan_reformed_desc;Reformed Cara;;;;;;;;;;;;;x
chimuan_pagan;Chimor;;;;;;;;;;;;;x
chimuan_pagan_desc;Chimor;;;;;;;;;;;;;x
chimuan_pagan_reformed;Reformed Chimor;;;;;;;;;;;;;x
chimuan_pagan_reformed_desc;Reformed Chimor;;;;;;;;;;;;;x
chachapoyan_pagan;Chachapoyan;;;;;;;;;;;;;x
chachapoyan_pagan_desc;Chachapoyan;;;;;;;;;;;;;x
chachapoyan_pagan_reformed;Reformed Chachapoyan;;;;;;;;;;;;;x
chachapoyan_pagan_reformed_desc;Reformed Chachapoyan;;;;;;;;;;;;;x
chavin_pagan;Wari;;;;;;;;;;;;;x
chavin_pagan_desc;Wari;;;;;;;;;;;;;x
chavin_pagan_reformed;Reformed Wari;;;;;;;;;;;;;x
chavin_pagan_reformed_desc;Reformed Wari;;;;;;;;;;;;;x
tiwanakan_pagan;Tiwanakan;;;;;;;;;;;;;x
tiwanakan_pagan_desc;Tiwanakan;;;;;;;;;;;;;x
tiwanakan_pagan_reformed;Reformed Tiwanakan;;;;;;;;;;;;;x
tiwanakan_pagan_reformed_desc;Reformed Tiwanakan;;;;;;;;;;;;;x
mapuche_pagan;Mapuche;;;;;;;;;;;;;x
mapuche_pagan_desc;Mapuche;;;;;;;;;;;;;x
mapuche_pagan_reformed;Reformed Mapuche;;;;;;;;;;;;;x
mapuche_pagan_reformed_desc;Reformed Mapuche;;;;;;;;;;;;;x
chaco_pagan;Chaco;;;;;;;;;;;;;x
chaco_pagan_desc;Chaco;;;;;;;;;;;;;x
chaco_pagan_reformed;Reformed Chaco;;;;;;;;;;;;;x
chaco_pagan_reformed_desc;Reformed Chaco;;;;;;;;;;;;;x
pampas_pagan;Pampas;;;;;;;;;;;;;x
pampas_pagan_desc;Pampas;;;;;;;;;;;;;x
pampas_pagan_reformed;Reformed Pampas;;;;;;;;;;;;;x
pampas_pagan_reformed_desc;Reformed Pampas;;;;;;;;;;;;;x
corachol_pagan;Corachol;;;;;;;;;;;;;x
corachol_pagan_desc;Corachol;;;;;;;;;;;;;x
corachol_pagan_reformed;Reformed Corachol;;;;;;;;;;;;;x
corachol_pagan_reformed_desc;Reformed Corachol;;;;;;;;;;;;;x
otomi_pagan;Otomi;;;;;;;;;;;;;x
otomi_pagan_desc;Otomi;;;;;;;;;;;;;x
otomi_pagan_reformed;Reformed Otomi;;;;;;;;;;;;;x
otomi_pagan_reformed_desc;Reformed Otomi;;;;;;;;;;;;;x
nonohualcan_pagan;Toltec;;;;;;;;;;;;;x
nonohualcan_pagan_desc;Reformed Toltec;;;;;;;;;;;;;x
nonohualcan_pagan_reformed;Reformed Toltec;;;;;;;;;;;;;x
nonohualcan_pagan_reformed_desc;Reformed Toltec;;;;;;;;;;;;;x
basin_pagan;Basin;;;;;;;;;;;;;x
basin_pagan_desc;Basin;;;;;;;;;;;;;x
basin_pagan_reformed;Reformed Basin;;;;;;;;;;;;;x
basin_pagan_reformed_desc;Reformed Basin;;;;;;;;;;;;;x
mesoamerican_rel_group;Mesoamerican Religions;;;;;;;;;;;;;x
mesoamerican_rel_group_DESC;Mesoamerican Religions;;;;;;;;;;;;;x
andean_rel_group;Adean Religions;;;;;;;;;;;;;x
andean_rel_group_DESC;Adean Religions;;;;;;;;;;;;;x
hussite;Hussite;;;;;;;;;;;;;x
hussite_DESC;The Hussites were a Czech proto-Protestant Christian movement that followed the teachings of reformer Jan Hus, who became the best known representative of the Bohemian Reformation.;;;;;;;;;;;;;x
lutheran;Lutheran;;;;;;;;;;;;;x
lutheran_DESC;Lutheranism is a major branch of Protestantism, identifying primarily with the theology of Martin Luther, the 16th-century German monk and reformer whose efforts to reform the theology and practices of the Catholic Church launched the Protestant Reformation.;;;;;;;;;;;;;x
reformed;Reformed;;;;;;;;;;;;;x
reformed_DESC;Calvinism, also sometimes called the Reformed tradition, Reformed Protestantism, Reformed Christianity, or simply Reformed, is a major branch of Protestantism that follows the Christian theological tradition and forms of Christian practice set down by John Calvin and other Reformation-era theologians. It emphasizes the sovereignty of God and the authority of the Bible.;;;;;;;;;;;;;x
anglican;Anglican;;;;;;;;;;;;;x
anglican_DESC;Anglicanism is a Western Christian tradition that has developed from the practices, liturgy, and identity of the Church of England following the English Reformation.;;;;;;;;;;;;;x
anabaptist;Anabaptist;;;;;;;;;;;;;x
anabaptist_DESC;Anabaptism is a Christian movement which traces its origins to the Radical Reformation. They believe that baptism is valid only when candidates freely confess their faith in Christ and request to be baptized. This believer's baptism is opposed to baptism of infants, who are not able to make a conscious decision to be baptized.;;;;;;;;;;;;;x
unitarian;Unitarian;;;;;;;;;;;;;x
unitarian_DESC;Unitarianism is a Nontrinitarian branch of Christianity. Unitarian Christians affirm the unitary nature of God as the singular and unique creator of the universe, believe that Jesus Christ was inspired by God in his moral teachings and that he is the savior of humankind, but he is not comparable or equal to God himself.;;;;;;;;;;;;;x
THE_SCRIPTURE;The Scripture;The Scripture;The Scripture;;The Scripture;;;;;;;;;x
ARCHBISHOP;Archbishop;Archbishop;Archbishop;;Archbishop;;;;;;;;;x
MOSTREVEREND;The Most Reverend;The Most Reverend;The Most Reverend;;The Most Reverend;;;;;;;;;x
d_archbishop_canterbury;Archbishopric of Canterbury;Archbishopric of Canterbury;Archbishopric of Canterbury;;Archbishopric of Canterbury;;;;;;;;;x
convert_to_hussite;Become a Hussite;Become a Hussite;Become a Hussite;;Become a Hussite;;;;;;;;;x
convert_to_hussite_desc;Integrate the Reformation by joining the Hussite Church;Integrate the Reformation by joining the Hussite Church;Integrate the Reformation by joining the Hussite Church;;Integrate the Reformation by joining the Hussite Church;;;;;;;;;x
convert_to_anabaptist;Become an Anabaptist;Become an Anabaptist;Become an Anabaptist;;Become an Anabaptist;;;;;;;;;x
convert_to_anabaptist_desc;Integrate the Reformation by joining the Anabaptist Church;Integrate the Reformation by joining the Anabaptist Church;Integrate the Reformation by joining the Anabaptist Church;;Integrate the Reformation by joining the Anabaptist Church;;;;;;;;;x
convert_to_anglican;Become an Anglican;Become an Anglican;Become an Anglican;;Become an Anglican;;;;;;;;;x
convert_to_anglican_desc;Integrate the Reformation by joining the Anglican Church;Integrate the Reformation by joining the Anglican Church;Integrate the Reformation by joining the Anglican Church;;Integrate the Reformation by joining the Anglican Church;;;;;;;;;x
convert_to_lutheran;Become a Lutheran;Become a Lutheran;Become a Lutheran;;Become a Lutheran;;;;;;;;;x
convert_to_lutheran_desc;Integrate the Reformation by joining the Lutheran Church;Integrate the Reformation by joining the Lutheran Church;Integrate the Reformation by joining the Lutheran Church;;Integrate the Reformation by joining the Lutheran Church;;;;;;;;;x
convert_to_reformed;Become Reformed;Become Reformed;Become Reformed;;Become Reformed;;;;;;;;;x
convert_to_reformed_desc;Integrate the Reformation by joining the Reformed Church;Integrate the Reformation by joining the Reformed Church;Integrate the Reformation by joining the Reformed Church;;Integrate the Reformation by joining the Reformed Church;;;;;;;;;x
profess_to_hussite;Become a Hussite;Become a Hussite;Become a Hussite;;Become a Hussite;;;;;;;;;x
profess_to_hussite_desc;Integrate the Reformation by joining the Hussite Church;Integrate the Reformation by joining the Hussite Church;Integrate the Reformation by joining the Hussite Church;;Integrate the Reformation by joining the Hussite Church;;;;;;;;;x
profess_to_anabaptist;Become an Anabaptist;Become an Anabaptist;Become an Anabaptist;;Become an Anabaptist;;;;;;;;;x
profess_to_anabaptist_desc;Integrate the Reformation by joining the Anabaptist Church;Integrate the Reformation by joining the Anabaptist Church;Integrate the Reformation by joining the Anabaptist Church;;Integrate the Reformation by joining the Anabaptist Church;;;;;;;;;x
profess_to_anglican;Become an Anglican;Become an Anglican;Become an Anglican;;Become an Anglican;;;;;;;;;x
profess_to_anglican_desc;Integrate the Reformation by joining the Anglican Church;Integrate the Reformation by joining the Anglican Church;Integrate the Reformation by joining the Anglican Church;;Integrate the Reformation by joining the Anglican Church;;;;;;;;;x
profess_to_lutheran;Become a Lutheran;Become a Lutheran;Become a Lutheran;;Become a Lutheran;;;;;;;;;x
profess_to_lutheran_desc;Integrate the Reformation by joining the Lutheran Church;Integrate the Reformation by joining the Lutheran Church;Integrate the Reformation by joining the Lutheran Church;;Integrate the Reformation by joining the Lutheran Church;;;;;;;;;x
profess_to_reformed;Become Reformed;Become Reformed;Become Reformed;;Become Reformed;;;;;;;;;x
profess_to_reformed_desc;Integrate the Reformation by joining the Reformed Church;Integrate the Reformation by joining the Reformed Church;Integrate the Reformation by joining the Reformed Church;;Integrate the Reformation by joining the Reformed Church;;;;;;;;;x
EVTNAMEreformationevents.12;Unitarianism spreads to [Root.province.GetName];;;;;;;;;;;;;x
EVTDESCreformationeventsR.12;The teachings of Ferenc David have been adopted by the majority of this province's population.;;;;;;;;;;;;;x
EVTOPTAreformationevents.12;Something must be done about these Heretics!;;;;;;;;;;;;;x
EVTOPTBreformationevents.12;The Lord's sheep flok to salvation;;;;;;;;;;;;;x
EVTOPTCreformationevents.12;But... they are still Christian, right?;;;;;;;;;;;;;x
EVTNAMEreformationevents.1;Lutheranism spreads to [Root.province.GetName];;;;;;;;;;;;;x
EVTDESCreformationeventsR.1;The teachings of Martin Luther have been adopted by the majority of this province's population.;;;;;;;;;;;;;x
EVTOPTAreformationevents.1;Something must be done about these Heretics!;;;;;;;;;;;;;x
EVTOPTBreformationevents.1;The Lord's sheep flok to salvation;;;;;;;;;;;;;x
EVTOPTCreformationevents.1;Well, at least they aren't Papists...;;;;;;;;;;;;;x
EVTNAMEreformationevents.2;The Radical Reformation spreads to [Root.province.GetName];;;;;;;;;;;;;x
EVTDESCreformationeventsR.2;The Radical Reformation has been adhered to by the majority of this province's population.;;;;;;;;;;;;;x
EVTOPTAreformationevents.2;Something must be done about these Heretics!;;;;;;;;;;;;;x
EVTOPTBreformationevents.2;The Lord's sheep flok to salvation;;;;;;;;;;;;;x
EVTOPTCreformationevents.2;These simpletons can't even read, how are they to opine about Scripture...;;;;;;;;;;;;;x
EVTNAMEreformationevents.3;The Reform spreads to [Root.province.GetName];;;;;;;;;;;;;x
EVTDESCreformationeventsR.3;The teachings of John Calvin have been adopted by the majority of this province's population.;;;;;;;;;;;;;x
EVTOPTAreformationevents.3;Something must be done about these Heretics!;;;;;;;;;;;;;x
EVTOPTBreformationevents.3;The Lord's sheep flok to salvation;;;;;;;;;;;;;x
EVTOPTCreformationevents.3;Well, at least they aren't Papists;;;;;;;;;;;;;x
EVTNAMEreformationevents.4;The Hussites spread to [Root.province.GetName];;;;;;;;;;;;;x
EVTDESCreformationeventsR.4;The Hussite Movement has been adhered to by the majority of this province's population.;;;;;;;;;;;;;x
EVTOPTAreformationevents.4;Something must be done about these Heretics!;;;;;;;;;;;;;x
EVTOPTBreformationevents.4;The Lord's sheep flok to salvation;;;;;;;;;;;;;x
EVTOPTCreformationevents.4;Rebranding Papism won't save you;;;;;;;;;;;;;x
EVTNAMEreformationevents.5;The Via Media spreads to [Root.province.GetName];;;;;;;;;;;;;x
EVTDESCreformationeventsR.5;The the majority of this province's population follows the Anglican via media.;;;;;;;;;;;;;x
EVTOPTAreformationevents.5;Something must be done about these Heretics!;;;;;;;;;;;;;x
EVTOPTBreformationevents.5;The Lord's sheep flok to salvation;;;;;;;;;;;;;x
EVTOPTCreformationevents.5;Rebranding Papism won't save you;;;;;;;;;;;;;x
THE_WHORE_BABYLON;The Whore of Babylon;;;;;;;;;;;;;x
THE_MOTHER_HARLOTS;The Mother of Harlots;;;;;;;;;;;;;x
BEELZEBUB;Beelzebub;;;;;;;;;;;;;x
MEPHISTOPHELES;Mephistopheles;;;;;;;;;;;;;x
PIETY_GRACE;Grace;;;;;;;;;;;;;x
STAT_PIETY_MENU_PIETY_GRACE;Grace;;;;;;;;;;;;;x
STAT_PIETY_MENU_PIETY_GRACE_desc;Salvation through grace alone!;;;;;;;;;;;;;x
CB_NAME_PROTESTANT;[ROOT.GetAdjective]-[FROM.GetAdjective] War of Reformation for [Title.GetBaseName];;;;;;;;;;;;;x
WAR_NAME_PROTESTANT;[ROOT.GetAdjective]-[FROM.GetAdjective] War of Reformation for [Title.GetBaseName];;;;;;;;;;;;;x
protestant_conflicts_desc;The Wars of the Reformation were a series of conflicts that shacked the foundations of power in Europe and changed the political landscape of the continent for ever;;;;;;;;;;;;;x
EVTNAMEreformationevents.6;The Last Age of the Church;;;;;;;;;;;;;x
EVTDESCreformationeventsR.6;A Priest by the name of John Wycliffe gained notoriety because of his unorthodox teachings on theological virtues, predestination, iconoclasm, and the notion of caesaropapism, while questioning the veneration of saints, the sacraments, requiem masses, transubstantiation, monasticism, and the legitimacy of the Papacy. He is also credited with the first whole translation of the Bible into the English language. Although his influence on contemporary intelectual circles can't be denied laying down the foundation for protestant thought, he did not enjoy popular or political support in his day.;;;;;;;;;;;;;x
EVTOPTAreformationevents.6;De heretico comburendo?;;;;;;;;;;;;;x
EVTOPTBreformationevents.6;How is this of concern?;;;;;;;;;;;;;x
EVTNAMEreformationevents.7;The rise of the Hussites;;;;;;;;;;;;;x
EVTDESCreformationeventsR.7;The reformer Jan Huss was the earliest to gather widespread support. His intentions were to reform the catholic church, after he was treacherously executed by the Catholic authorities his followers were greatly inflammed with rightous fury and so began a long era of strife in Bohemia. The Hussites demonstrated tremendous resilience overcomming internal struggle and the Counter-Reformation and becomming the dominant denomination until they were expelled from their ancestral lands in the 17h century.;;;;;;;;;;;;;x
EVTOPTAreformationevents.7;De heretico comburendo?;;;;;;;;;;;;;x
EVTOPTBreformationevents.7;How is this of concern?;;;;;;;;;;;;;x
major_protestant_reformer;Call for Reformation;;;;;;;;;;;;;x
EVTNAMEreformationevents.13;The Unitarian Church;;;;;;;;;;;;;x
EVTDESCreformationeventsR.13;Ferenc David disputed the mainstream Christian doctrine of the Trinity, believing God to be one and indivisible. He the founder of the Unitarian Church of Transylvania, and the leading figure of the Nontrinitarian Christian movements during the Protestant Reformation.;;;;;;;;;;;;;x
EVTOPTAreformationevents.13;De heretico comburendo?;;;;;;;;;;;;;x
EVTOPTBreformationevents.13;How is this of concern?;;;;;;;;;;;;;x
EVTOPTCreformationevents.13;I am not to sure how to feel about that;;;;;;;;;;;;;x
EVTNAMEreformationevents.8;The Lutheran call for Reform;;;;;;;;;;;;;x
EVTDESCreformationeventsR.8;Martin Luther taught that salvation and, consequently, eternal life are not earned by good deeds; rather, they are received only as the free gift of God's grace through the believer's faith in Jesus Christ, the redeemer from sin. His theology challenged the authority and office of the pope by teaching that the Bible is the only source of divinely revealed knowledge, and opposed sacerdotalism by considering all baptized Christians to be a holy priesthood. His Ninety-five Theses are considered the cornerstone of the Reformation by most.;;;;;;;;;;;;;x
EVTOPTAreformationevents.8;De heretico comburendo?;;;;;;;;;;;;;x
EVTOPTBreformationevents.8;How is this of concern?;;;;;;;;;;;;;x
EVTOPTCreformationevents.8;Salvation trough faith alone!;;;;;;;;;;;;;x
EVTNAMEreformationevents.9;Reformed Protestantism;;;;;;;;;;;;;x
EVTDESCreformationeventsR.9;John Calvin taught human beings have access to the saving truths of religion only insofar as God has revealed them in Scripture. But revealed truths were not given to satisfy human curiosity but were limited to meeting the most urgent and practical needs of human existence, above all for salvation. The theological system of Calvin and his followers was marked by strong emphasis on the sovereignty of God, the depravity of humankind, and the doctrine of providence and predestination.;;;;;;;;;;;;;x
EVTOPTAreformationevents.9;De heretico comburendo?;;;;;;;;;;;;;x
EVTOPTBreformationevents.9;How is this of concern?;;;;;;;;;;;;;x
EVTOPTCreformationevents.9;Salvation trough faith alone, God willing.;;;;;;;;;;;;;x
EVTNAMEreformationevents.10;The Church of England;;;;;;;;;;;;;x
EVTDESCreformationeventsR.10;Thomas Cranmer, the Archbishop of Canterbury who played a chief role in shaping Anglicanism, sought a middle way between Lutheranism and Calvinism, though he was closer to Calvinism.;;;;;;;;;;;;;x
EVTOPTAreformationevents.10;De heretico comburendo?;;;;;;;;;;;;;x
EVTOPTBreformationevents.10;How is this of concern?;;;;;;;;;;;;;x
EVTOPTCreformationevents.10;Salvation trough faith alone!;;;;;;;;;;;;;x
EVTNAMEreformationevents.11;Radical Reformation;;;;;;;;;;;;;x
EVTDESCreformationeventsR.11;Several groups of protestants were not content with the extent of the reforms brought about by the more organized Reformed and Lutheran churches. The Anabaptists movements had several incarnations and and were intimately related to social unrest and peasant wars, as a result they were persecuted by Catholics and other Protestants alike. Controversial beliefs held by some groups included adult baptism, polygamy, communal living, pacifism and rejections of external authority.;;;;;;;;;;;;;x
EVTOPTAreformationevents.11;De heretico comburendo?;;;;;;;;;;;;;x
EVTOPTBreformationevents.11;How is this of concern?;;;;;;;;;;;;;x
EVTOPTCreformationevents.11;These simpletons can't even read, how are they to opine about Scripture...;;;;;;;;;;;;;x
monastic_order_jesuit;The Society of Jesus;The Compagnie de Jésus;The Gesellschaft Jesu;;The Compañía de Jesús;;;;;;;;;x
monastic_order_jesuit_desc;The Society of Jesus is a very stict missionary order founded by Ignatius of Loyola with the aim of reinvigurating the Catholic faith. The order is organized under a military hiearchy, promotes instruction of Catholics, and goes to any lenght to proselytize and persecute heresy.;;;;;;;;;;;;;;
monastic_order_jesuit_rank_1_female;Novicius;;;;;;;;;;;;;x
monastic_order_jesuit_rank_2_female;Pater;;;;;;;;;;;;;x
monastic_order_jesuit_rank_3_female;Provincial;;;;;;;;;;;;;x
monastic_order_jesuit_rank_4_female;Praepositus Generalis;;;;;;;;;;;;;x
monastic_order_jesuit_rank_1_male;Novicius;;;;;;;;;;;;;x
monastic_order_jesuit_rank_2_male;Pater;;;;;;;;;;;;;x
monastic_order_jesuit_rank_3_male;Provincial;;;;;;;;;;;;;x
monastic_order_jesuit_rank_4_male;Praepositus Generalis;;;;;;;;;;;;;x
currency_name_monastic_order_jesuit;Devotion;;;;;;;;;;;;;x
monastic_order_ursuline;Order of Saint Ursula;L'ordre de Sainte-Ursule;Gesellschaft der heiligen Ursula;;Compañía de Santa Úrsula;;;;;;;;;x
monastic_order_ursuline_desc;The Order of Saint Ursula is a secular institute of consecrated women that dedicate their lives to the service of the church, while being expected to provide for own well-being through secular work. They focused historically on the education of women and dilution of the christian faith amongst heanthens.;;;;;;;;;;;;;;
monastic_order_ursuline_rank_1_female;Novicia;;;;;;;;;;;;;x
monastic_order_ursuline_rank_2_female;Soror;;;;;;;;;;;;;x
monastic_order_ursuline_rank_3_female;Monialis;;;;;;;;;;;;;x
monastic_order_ursuline_rank_4_female;Mater Superior;;;;;;;;;;;;;x
monastic_order_ursuline_rank_1_male;Novicia;;;;;;;;;;;;;x
monastic_order_ursuline_rank_2_male;Soror;;;;;;;;;;;;;x
monastic_order_ursuline_rank_3_male;Monialis;;;;;;;;;;;;;x
monastic_order_ursuline_rank_4_male;Mater Superior;;;;;;;;;;;;;x
currency_name_monastic_order_ursuline;Devotion;;;;;;;;;;;;;x
monastic_order_presbyterian;The General Council;;;;;;;;;;;;;x
monastic_order_presbyterian_desc;Presbyterianism is typified by the rule of assemblies of presbyters, or elders. Each local church is governed by a body of elected elders usually called the session. Groups of local churches are governed by a higher assembly of elders known as the presbytery. Presbyteries can be grouped into a synod, and presbyteries and synods nationwide often join together in a general assembly. The Presbyterian polity was developed as a rejection of governance by hierarchies of single bishops, but also differs from the congregationalist polity in which each congregation is independent.;;;;;;;;;;;;;;
monastic_order_presbyterian_rank_1_female;Layman;;;;;;;;;;;;;x
monastic_order_presbyterian_rank_2_female;Deacon;;;;;;;;;;;;;x
monastic_order_presbyterian_rank_3_female;Ruling Elder;;;;;;;;;;;;;x
monastic_order_presbyterian_rank_4_female;Teaching Elder;;;;;;;;;;;;;x
monastic_order_presbyterian_rank_1_male;Layman;;;;;;;;;;;;;x
monastic_order_presbyterian_rank_2_male;Deacon;;;;;;;;;;;;;x
monastic_order_presbyterian_rank_3_male;Ruling Elder;;;;;;;;;;;;;x
monastic_order_presbyterian_rank_4_male;Teaching Elder;;;;;;;;;;;;;x
currency_name_monastic_order_presbyterian;Devotion;;;;;;;;;;;;;x
EVTNAMEreformationevents.14;Ninety-five Theses;;;;;;;;;;;;;x
EVTDESCreformationeventsR.14;In his novel work Luther lays clear his opposition to what he sees as the Roman Catholic Church's abuse and corruption by Catholic clergy, who are selling plenary indulgences, which are certificates supposed to reduce the temporal punishment in purgatory for sins committed by the purchasers or their loved ones. The document although intended to spark a clerical debate seems to be on the brink of unleashing unbridled consequenses.;;;;;;;;;;;;;x
EVTOPTAreformationevents.14;I am sure this will all pass;;;;;;;;;;;;;x
EVTOPTBreformationevents.14;How is this of concern?;;;;;;;;;;;;;x
EVTOPTCreformationevents.14;The Pope has placed himself above God on earth!;;;;;;;;;;;;;x
EVTNAMEreformationevents.15;The Pope responds to Luther;;;;;;;;;;;;;x;;;;;;;;;;;;;x
EVTDESCreformationeventsR.15;With the advice and consent of these our venerable brothers, with mature deliberation on each and every one of the above theses, and by the authority of almighty God, the blessed Apostles Peter and Paul, and our own authority, we condemn, reprobate, and reject completely each of these theses or errors as either heretical, scandalous, false, offensive to pious ears or seductive of simple minds, and against Catholic truth. By listing them, we decree and declare that all the faithful of both sexes must regard them as condemned, reprobated, and rejected ... We restrain all in the virtue of holy obedience and under the penalty of an automatic major excommunication.;;;;;;;;;;;;;x
EVTOPTAreformationevents.15;Exsurge Domine!;;;;;;;;;;;;;x
EVTOPTBreformationevents.15;How is this of concern?;;;;;;;;;;;;;x
EVTOPTCreformationevents.15;An answear befitting of the Antichrist;;;;;;;;;;;;;x
EVTNAMEreformationevents.16;A new Ecummenical Council;;;;;;;;;;;;;x;;;;;;;;;;;;;x
EVTDESCreformationeventsR.16;The Pope has called for a new Ecummenical Council to adress the evident laxness and decay infecting the body of the Catholic Church. Due to the troubelsome political climate in Europe we know this shall prove no quick task. The faithfull are more divided than yea before and many have already voiced their unwillingness to partake. Nevertheless the Holy See has take some iniciative for small scale reform including the creation of new orders most notably the Society of Jesus.;;;;;;;;;;;;;x
EVTOPTAreformationevents.16;Jesuits? That is some lack of imagination;;;;;;;;;;;;;x
EVTOPTBreformationevents.16;How is this of concern?;;;;;;;;;;;;;x
EVTOPTCreformationevents.16;The Roman serpent has grows more heads;;;;;;;;;;;;;x
EVTNAMEreformationevents.17;The Council of Trent;;;;;;;;;;;;;x;;;;;;;;;;;;;x
EVTDESCreformationeventsR.17;After more than two decades the council has come to an end. Condemnations have been issued of what we defined to be heresies committed by proponents of Protestantism, and also issued key statements and clarifications of the Church's doctrine and teachings, including scripture, the biblical canon, sacred tradition, original sin, justification, salvation, the sacraments, the Mass, and the veneration of saints.;;;;;;;;;;;;;x
EVTOPTAreformationevents.17;The church is alive again!;;;;;;;;;;;;;x
EVTOPTBreformationevents.17;How is this of concern?;;;;;;;;;;;;;x
EVTOPTCreformationevents.17;A load of Popery;;;;;;;;;;;;;x
counter_reformation;Counter-Reformation;;;;;;;;;;;;;x
PASTOR;;Pastor;;;;;;;;;;;;;x
methodist;Methodism;;;;;;;;;;;;;x
methodist_DESC;Methodism originated has a fraternity inside the Anglican Church bent on living a holy lifestyle. The Methodist's numbers quickly grew to become a reform movement inside the Anglican Church but were ostracized has they developed their beliefs. They hold true that salvation requires the keeping of the ten commandments, the practice of works of charity and piety and that one has the free will to chose to decide whether he will be saved.;;;;;;;;;;;;;x
baptist;Baptism;;;;;;;;;;;;;x
baptist_DESC;No one knows exactly how the Baptist Churches although some theories place their origin in the Anabaptist movement or in the Anglican Separatists. Baptist churches vary greatly in practice and belief but are characterized by their exclusive practice of adult baptism and the decentralized organization of their congregations.;;;;;;;;;;;;;x
arminian;Arminian;;;;;;;;;;;;;x
arminian_DESC;Arminianism is the term used to describe the doctrine originally espoused reformed by theologian Jacobus Arminius. Who diverged from mainline Calvinism most notably on whether God desires to save all yet allows individuals to resist the grace offered, or if Calvinists are to be believed, God desires to save only some and grace is irresistible to those chosen;;;;;;;;;;;;;x
monastic_order_arminian;The General Council;;;;;;;;;;;;;x
monastic_order_arminian_desc;Presbyterianism is typified by the rule of assemblies of presbyters, or elders. Each local church is governed by a body of elected elders usually called the session. Groups of local churches are governed by a higher assembly of elders known as the presbytery. Presbyteries can be grouped into a synod, and presbyteries and synods nationwide often join together in a general assembly. The Presbyterian polity was developed as a rejection of governance by hierarchies of single bishops, but also differs from the congregationalist polity in which each congregation is independent.;;;;;;;;;;;;;;
monastic_order_presbyterian_rank_1_female;Layman;;;;;;;;;;;;;x
monastic_order_arminian_rank_2_female;Deacon;;;;;;;;;;;;;x
monastic_order_arminian_rank_3_female;Ruling Elder;;;;;;;;;;;;;x
monastic_order_arminian_rank_4_female;Teaching Elder;;;;;;;;;;;;;x
monastic_order_arminian_rank_1_male;Layman;;;;;;;;;;;;;x
monastic_order_arminian_rank_2_male;Deacon;;;;;;;;;;;;;x
monastic_order_arminian_rank_3_male;Ruling Elder;;;;;;;;;;;;;x
monastic_order_arminian_rank_4_male;Teaching Elder;;;;;;;;;;;;;x
currency_name_monastic_order_arminian;Devotion;;;;;;;;;;;;;x
EVTDESCreformationeventsR.18;Jacobus Arminius taught against Calvinist thought that the grace sufficient for salvation is conferred on the Elect, and on the Non-elect; that, if they will, they may believe or not believe, may be saved or not be saved.;;;;;;;;;;;;;x
EVTOPTAreformationevents.18;De heretico comburendo?;;;;;;;;;;;;;x
EVTOPTBreformationevents.18;How is this of concern?;;;;;;;;;;;;;x
EVTOPTCreformationevents.18;Salvation through freedom of predestined faith?;;;;;;;;;;;;;x
EVTNAMEreformationevents.19;Arminianism spreads to [Root.province.GetName];;;;;;;;;;;;;x
EVTDESCreformationeventsR.19;The the majority of this province's population follows the teachings of Arminius.;;;;;;;;;;;;;x
EVTOPTAreformationevents.19;Something must be done about these Heretics!;;;;;;;;;;;;;x
EVTOPTBreformationevents.19;The Lord's sheep flok to salvation;;;;;;;;;;;;;x
EVTOPTCreformationevents.19;Pelagians aren't even Christians;;;;;;;;;;;;;x
convert_to_arminian;Become an Arminian;Become an Arminian;Become an Arminian;;Become an Arminian;;;;;;;;;x
convert_to_arminian_desc;Integrate the Reformation by joining the Arminian Church;Integrate the Reformation by joining the Arminian Church;Integrate the Reformation by joining the Arminian Church;;Integrate the Reformation by joining the Arminian Church;;;;;;;;;x
profess_to_arminian;Become an Arminian;Become an Arminian;Become an Arminian;;Become an Arminian;;;;;;;;;x
profess_to_arminian_desc;Integrate the Reformation by joining the Arminian Church;Integrate the Reformation by joining the Arminian Church;Integrate the Reformation by joining the Arminian Church;;Integrate the Reformation by joining the Arminian Church;;;;;;;;;x
convert_to_unitarian;Integrate the Reformation by joining the Unitarian Church;;;;;;;;;;;;;x
convert_to_unitarian_desc;Integrate the Reformation by joining the Unitarian Church;;;;;;;;;;;;;x
convert_to_baptist;Integrate the Reformation by joining the Baptist Church;;;;;;;;;;;;;x
convert_to_baptist_desc;Integrate the Reformation by joining the Baptist Church;;;;;;;;;;;;;x
convert_to_methodist;Integrate the Reformation by joining the Methodist Church;;;;;;;;;;;;;x
convert_to_methodist_desc;Integrate the Reformation by joining the Methodist Church;;;;;;;;;;;;;x
EVTDESCreformationeventsR.20;John Smyth lead the first Baptist Church. He had to flee to the Netherlands along with many others were he came in contact with Anabaptists, Arminians and Unitarian refuges. There he adopted the practice of adult baptism and developed a strong belief in an independent Church separate from the state.;;;;;;;;;;;;;x
EVTOPTAreformationevents.20;De heretico comburendo?;;;;;;;;;;;;;x
EVTOPTBreformationevents.20;How is this of concern?;;;;;;;;;;;;;x
EVTOPTCreformationevents.20;We have heard all this talk already;;;;;;;;;;;;;x
EVTNAMEreformationevents.21;Baptism spreads to [Root.province.GetName];;;;;;;;;;;;;x
EVTDESCreformationeventsR.21;The the majority of this province's population follows the Baptist Church.;;;;;;;;;;;;;x
EVTOPTAreformationevents.21;Something must be done about these Heretics!;;;;;;;;;;;;;x
EVTOPTBreformationevents.21;The Lord's sheep flok to salvation;;;;;;;;;;;;;x
EVTOPTCreformationevents.21;Anyone can be a preacher now;;;;;;;;;;;;;x
EVTDESCreformationeventsR.22;The Wesley brothers founded the Methodist Church based on arminian principles and anglican tradition. They focus on living a holy lifestyle and practicing good works to attain salvation.;;;;;;;;;;;;;x
EVTOPTAreformationevents.22;De heretico comburendo?;;;;;;;;;;;;;x
EVTOPTBreformationevents.22;How is this of concern?;;;;;;;;;;;;;x
EVTOPTCreformationevents.22;Salvation through work?;;;;;;;;;;;;;x
EVTNAMEreformationevents.22;Methodism spreads to [Root.province.GetName];;;;;;;;;;;;;x
EVTDESCreformationeventsR.23;The the majority of this province's population follows the Methodist Church.;;;;;;;;;;;;;x
EVTOPTAreformationevents.23;Something must be done about these Heretics!;;;;;;;;;;;;;x
EVTOPTBreformationevents.23;The Lord's sheep flok to salvation;;;;;;;;;;;;;x
EVTOPTCreformationevents.23;Very methodic in any case;;;;;;;;;;;;;x