e_big_african_empire;Narubina;Narubina;Narubina;Narubina;Narubina;Narubina;Narubina;Narubina;Narubina;Narubina;Narubina;Narubina;Narubina;x
e_big_african_empire_adj;Narubina;Narubina;Narubina;Narubina;Narubina;Narubina;Narubina;Narubina;Narubina;Narubina;Narubina;Narubina;Narubina;x
k_gabon;Gabon;Gabon;Gabon;Gabon;Gabon;Gabon;Gabon;Gabon;Gabon;Gabon;Gabon;Gabon;Gabon;x
k_gabon_adj;Gabon;Gabon;Gabon;Gabon;Gabon;Gabon;Gabon;Gabon;Gabon;Gabon;Gabon;Gabon;Gabon;x
d_ligetchi;Bakongo;;;;;;;;;;;;;x
d_ligetchi_adj;Bakongo;;;;;;;;;;;;;x
c_libreville;Libreville;Libreville;Libreville;Libreville;Libreville;Libreville;Libreville;Libreville;Libreville;Libreville;Libreville;Libreville;Libreville;x
c_libreville_adj;Libreville;Libreville;Libreville;Libreville;Libreville;Libreville;Libreville;Libreville;Libreville;Libreville;Libreville;Libreville;Libreville;x
b_Gabon;Libreville;Libreville;Libreville;Libreville;Libreville;Libreville;Libreville;Libreville;Libreville;Libreville;Libreville;Libreville;Libreville;x
b_ntoum;Ntoum;Ntoum;Ntoum;Ntoum;Ntoum;Ntoum;Ntoum;Ntoum;Ntoum;Ntoum;Ntoum;Ntoum;Ntoum;x
b_foulenzem;Foulenzem;Foulenzem;Foulenzem;Foulenzem;Foulenzem;Foulenzem;Foulenzem;Foulenzem;Foulenzem;Foulenzem;Foulenzem;Foulenzem;Foulenzem;x
b_abounn;Abounn;Abounn;Abounn;Abounn;Abounn;Abounn;Abounn;Abounn;Abounn;Abounn;Abounn;Abounn;Abounn;x
b_lambarene;Lambarene;Lambarene;Lambarene;Lambarene;Lambarene;Lambarene;Lambarene;Lambarene;Lambarene;Lambarene;Lambarene;Lambarene;Lambarene;x
b_ndjole;Ndjole;Ndjole;Ndjole;Ndjole;Ndjole;Ndjole;Ndjole;Ndjole;Ndjole;Ndjole;Ndjole;Ndjole;Ndjole;x
b_bifoun;Bifoun;Bifoun;Bifoun;Bifoun;Bifoun;Bifoun;Bifoun;Bifoun;Bifoun;Bifoun;Bifoun;Bifoun;Bifoun;x
b_assok;Assok;Assok;Assok;Assok;Assok;Assok;Assok;Assok;Assok;Assok;Assok;Assok;Assok;x
c_gentill;Gentill;Gentill;Gentill;Gentill;Gentill;Gentill;Gentill;Gentill;Gentill;Gentill;Gentill;Gentill;Gentill;x
c_gentill_adj;Gentill;Gentill;Gentill;Gentill;Gentill;Gentill;Gentill;Gentill;Gentill;Gentill;Gentill;Gentill;Gentill;x
b_gentill;Gentill;Gentill;Gentill;Gentill;Gentill;Gentill;Gentill;Gentill;Gentill;Gentill;Gentill;Gentill;Gentill;x
b_omboue;Omboue;Omboue;Omboue;Omboue;Omboue;Omboue;Omboue;Omboue;Omboue;Omboue;Omboue;Omboue;Omboue;x
b_moulia;Moulia;Moulia;Moulia;Moulia;Moulia;Moulia;Moulia;Moulia;Moulia;Moulia;Moulia;Moulia;Moulia;x
b_sounga;Sounga;Sounga;Sounga;Sounga;Sounga;Sounga;Sounga;Sounga;Sounga;Sounga;Sounga;Sounga;Sounga;x
b_mandji;Mandji;Mandji;Mandji;Mandji;Mandji;Mandji;Mandji;Mandji;Mandji;Mandji;Mandji;Mandji;Mandji;x
c_tchibanga;Tchibanga;Tchibanga;Tchibanga;Tchibanga;Tchibanga;Tchibanga;Tchibanga;Tchibanga;Tchibanga;Tchibanga;Tchibanga;Tchibanga;Tchibanga;x
c_tchibanga_adj;Tchibanga;Tchibanga;Tchibanga;Tchibanga;Tchibanga;Tchibanga;Tchibanga;Tchibanga;Tchibanga;Tchibanga;Tchibanga;Tchibanga;Tchibanga;x
b_tchibanga;Tchibanga;Tchibanga;Tchibanga;Tchibanga;Tchibanga;Tchibanga;Tchibanga;Tchibanga;Tchibanga;Tchibanga;Tchibanga;Tchibanga;Tchibanga;x
b_difounda;Difounda;Difounda;Difounda;Difounda;Difounda;Difounda;Difounda;Difounda;Difounda;Difounda;Difounda;Difounda;Difounda;x
b_mabanda;Mabanda;Mabanda;Mabanda;Mabanda;Mabanda;Mabanda;Mabanda;Mabanda;Mabanda;Mabanda;Mabanda;Mabanda;Mabanda;x
b_mourindi;Mourindi;Mourindi;Mourindi;Mourindi;Mourindi;Mourindi;Mourindi;Mourindi;Mourindi;Mourindi;Mourindi;Mourindi;Mourindi;x
b_doussala;Doussala;Doussala;Doussala;Doussala;Doussala;Doussala;Doussala;Doussala;Doussala;Doussala;Doussala;Doussala;Doussala;x
d_makomasu;Makomasu;Makomasu;Makomasu;Makomasu;Makomasu;Makomasu;Makomasu;Makomasu;Makomasu;Makomasu;Makomasu;Makomasu;Makomasu;x
d_makomasu_adj;Makomasu;Makomasu;Makomasu;Makomasu;Makomasu;Makomasu;Makomasu;Makomasu;Makomasu;Makomasu;Makomasu;Makomasu;Makomasu;x
c_makokou;Makokou;Makokou;Makokou;Makokou;Makokou;Makokou;Makokou;Makokou;Makokou;Makokou;Makokou;Makokou;Makokou;x
c_makokou_adj;Makokou;Makokou;Makokou;Makokou;Makokou;Makokou;Makokou;Makokou;Makokou;Makokou;Makokou;Makokou;Makokou;x
b_makokou;Makokou;Makokou;Makokou;Makokou;Makokou;Makokou;Makokou;Makokou;Makokou;Makokou;Makokou;Makokou;Makokou;x
b_indombo;Indombo;Indombo;Indombo;Indombo;Indombo;Indombo;Indombo;Indombo;Indombo;Indombo;Indombo;Indombo;Indombo;x
b_scierie;Scierie;Scierie;Scierie;Scierie;Scierie;Scierie;Scierie;Scierie;Scierie;Scierie;Scierie;Scierie;Scierie;x
b_belinga;Belinga;Belinga;Belinga;Belinga;Belinga;Belinga;Belinga;Belinga;Belinga;Belinga;Belinga;Belinga;Belinga;x
b_mekambo;Mekambo;Mekambo;Mekambo;Mekambo;Mekambo;Mekambo;Mekambo;Mekambo;Mekambo;Mekambo;Mekambo;Mekambo;Mekambo;x
b_mazingo;Mazingo;Mazingo;Mazingo;Mazingo;Mazingo;Mazingo;Mazingo;Mazingo;Mazingo;Mazingo;Mazingo;Mazingo;Mazingo;x
b_minvoul;Minvoul;Minvoul;Minvoul;Minvoul;Minvoul;Minvoul;Minvoul;Minvoul;Minvoul;Minvoul;Minvoul;Minvoul;Minvoul;x
c_masuku;Masuku;Masuku;Masuku;Masuku;Masuku;Masuku;Masuku;Masuku;Masuku;Masuku;Masuku;Masuku;Masuku;x
c_masuku_adj;Masuku;Masuku;Masuku;Masuku;Masuku;Masuku;Masuku;Masuku;Masuku;Masuku;Masuku;Masuku;Masuku;x
b_masuku;Masuku;Masuku;Masuku;Masuku;Masuku;Masuku;Masuku;Masuku;Masuku;Masuku;Masuku;Masuku;Masuku;x
b_moanda;Moanda;Moanda;Moanda;Moanda;Moanda;Moanda;Moanda;Moanda;Moanda;Moanda;Moanda;Moanda;Moanda;x
b_mbounga;Mbounga;Mbounga;Mbounga;Mbounga;Mbounga;Mbounga;Mbounga;Mbounga;Mbounga;Mbounga;Mbounga;Mbounga;Mbounga;x
b_okondja;Okondja;Okondja;Okondja;Okondja;Okondja;Okondja;Okondja;Okondja;Okondja;Okondja;Okondja;Okondja;Okondja;x
b_lekila;Lekila;Lekila;Lekila;Lekila;Lekila;Lekila;Lekila;Lekila;Lekila;Lekila;Lekila;Lekila;Lekila;x
b_ndjounou;Ndjounou;Ndjounou;Ndjounou;Ndjounou;Ndjounou;Ndjounou;Ndjounou;Ndjounou;Ndjounou;Ndjounou;Ndjounou;Ndjounou;Ndjounou;x
b_lifouta;Lifouta;Lifouta;Lifouta;Lifouta;Lifouta;Lifouta;Lifouta;Lifouta;Lifouta;Lifouta;Lifouta;Lifouta;Lifouta;x
b_koulamoutou;Koulamoutou;Koulamoutou;Koulamoutou;Koulamoutou;Koulamoutou;Koulamoutou;Koulamoutou;Koulamoutou;Koulamoutou;Koulamoutou;Koulamoutou;Koulamoutou;Koulamoutou;x
k_angola;Angola;Angola;Angola;Angola;Angola;Angola;Angola;Angola;Angola;Angola;Angola;Angola;Angola;x
k_angola_adj;Angola;Angola;Angola;Angola;Angola;Angola;Angola;Angola;Angola;Angola;Angola;Angola;Angola;x
d_lualuba;Luanda;;;;;;;;;;;;;x
d_lualuba_adj;Luanda;;;;;;;;;;;;;x
c_luanda;Luanda;Luanda;Luanda;Luanda;Luanda;Luanda;Luanda;Luanda;Luanda;Luanda;Luanda;Luanda;Luanda;x
c_luanda_adj;Luanda;Luanda;Luanda;Luanda;Luanda;Luanda;Luanda;Luanda;Luanda;Luanda;Luanda;Luanda;Luanda;x
b_luanda;Luanda;Luanda;Luanda;Luanda;Luanda;Luanda;Luanda;Luanda;Luanda;Luanda;Luanda;Luanda;Luanda;x
b_caxito;Caxito;Caxito;Caxito;Caxito;Caxito;Caxito;Caxito;Caxito;Caxito;Caxito;Caxito;Caxito;Caxito;x
b_ambriz;Ambriz;Ambriz;Ambriz;Ambriz;Ambriz;Ambriz;Ambriz;Ambriz;Ambriz;Ambriz;Ambriz;Ambriz;Ambriz;x
b_quiboxe;Quiboxe;Quiboxe;Quiboxe;Quiboxe;Quiboxe;Quiboxe;Quiboxe;Quiboxe;Quiboxe;Quiboxe;Quiboxe;Quiboxe;Quiboxe;x
b_mepala;Mepala;Mepala;Mepala;Mepala;Mepala;Mepala;Mepala;Mepala;Mepala;Mepala;Mepala;Mepala;Mepala;x
b_muxaluando;Muxaluando;Muxaluando;Muxaluando;Muxaluando;Muxaluando;Muxaluando;Muxaluando;Muxaluando;Muxaluando;Muxaluando;Muxaluando;Muxaluando;Muxaluando;x
b_mumbondo;Mumbondo;Mumbondo;Mumbondo;Mumbondo;Mumbondo;Mumbondo;Mumbondo;Mumbondo;Mumbondo;Mumbondo;Mumbondo;Mumbondo;Mumbondo;x
b_sumbee;Sumbe;Sumbe;Sumbe;Sumbe;Sumbe;Sumbe;Sumbe;Sumbe;Sumbe;Sumbe;Sumbe;Sumbe;Sumbe;x
c_lubango;Lubango;Lubango;Lubango;Lubango;Lubango;Lubango;Lubango;Lubango;Lubango;Lubango;Lubango;Lubango;Lubango;x
c_lubango_adj;Lubango;Lubango;Lubango;Lubango;Lubango;Lubango;Lubango;Lubango;Lubango;Lubango;Lubango;Lubango;Lubango;x
b_lubango;Lubango;Lubango;Lubango;Lubango;Lubango;Lubango;Lubango;Lubango;Lubango;Lubango;Lubango;Lubango;Lubango;x
b_caraculo;Caraculo;Caraculo;Caraculo;Caraculo;Caraculo;Caraculo;Caraculo;Caraculo;Caraculo;Caraculo;Caraculo;Caraculo;Caraculo;x
b_quilengues;Quilengues;Quilengues;Quilengues;Quilengues;Quilengues;Quilengues;Quilengues;Quilengues;Quilengues;Quilengues;Quilengues;Quilengues;Quilengues;x
b_chicomba;Chicomba;Chicomba;Chicomba;Chicomba;Chicomba;Chicomba;Chicomba;Chicomba;Chicomba;Chicomba;Chicomba;Chicomba;Chicomba;x
b_capelongo;Capelongo;Capelongo;Capelongo;Capelongo;Capelongo;Capelongo;Capelongo;Capelongo;Capelongo;Capelongo;Capelongo;Capelongo;Capelongo;x
b_caifou;Caifou;Caifou;Caifou;Caifou;Caifou;Caifou;Caifou;Caifou;Caifou;Caifou;Caifou;Caifou;Caifou;x
b_bentiaba;Bentiaba;Bentiaba;Bentiaba;Bentiaba;Bentiaba;Bentiaba;Bentiaba;Bentiaba;Bentiaba;Bentiaba;Bentiaba;Bentiaba;Bentiaba;x
b_chiange;Chiange;Chiange;Chiange;Chiange;Chiange;Chiange;Chiange;Chiange;Chiange;Chiange;Chiange;Chiange;Chiange;x
d_uimala;Uige;;;;;;;;;;;;;x
d_uimala_adj;Uige;;;;;;;;;;;;;x
c_uige;Uige;Uige;Uige;Uige;Uige;Uige;Uige;Uige;Uige;Uige;Uige;Uige;Uige;x
c_uige_adj;Uige;Uige;Uige;Uige;Uige;Uige;Uige;Uige;Uige;Uige;Uige;Uige;Uige;x
b_uige;Uige;Uige;Uige;Uige;Uige;Uige;Uige;Uige;Uige;Uige;Uige;Uige;Uige;x
b_luounga;Luounga;Luounga;Luounga;Luounga;Luounga;Luounga;Luounga;Luounga;Luounga;Luounga;Luounga;Luounga;Luounga;x
b_quimbele;Quimbele;Quimbele;Quimbele;Quimbele;Quimbele;Quimbele;Quimbele;Quimbele;Quimbele;Quimbele;Quimbele;Quimbele;Quimbele;x
b_tombaco;Tombaco;Tombaco;Tombaco;Tombaco;Tombaco;Tombaco;Tombaco;Tombaco;Tombaco;Tombaco;Tombaco;Tombaco;Tombaco;x
b_nzeta;Nzeta;Nzeta;Nzeta;Nzeta;Nzeta;Nzeta;Nzeta;Nzeta;Nzeta;Nzeta;Nzeta;Nzeta;Nzeta;x
b_caipemba;Caipemba;Caipemba;Caipemba;Caipemba;Caipemba;Caipemba;Caipemba;Caipemba;Caipemba;Caipemba;Caipemba;Caipemba;Caipemba;x
b_purii;Purii;Purii;Purii;Purii;Purii;Purii;Purii;Purii;Purii;Purii;Purii;Purii;Purii;x
b_soyaa;Soyaa;Soyaa;Soyaa;Soyaa;Soyaa;Soyaa;Soyaa;Soyaa;Soyaa;Soyaa;Soyaa;Soyaa;Soyaa;x
c_malange;Malange;Malange;Malange;Malange;Malange;Malange;Malange;Malange;Malange;Malange;Malange;Malange;Malange;x
c_malange_adj;Malange;Malange;Malange;Malange;Malange;Malange;Malange;Malange;Malange;Malange;Malange;Malange;Malange;x
b_malange;Malange;Malange;Malange;Malange;Malange;Malange;Malange;Malange;Malange;Malange;Malange;Malange;Malange;x
b_mussola;Mussola;Mussola;Mussola;Mussola;Mussola;Mussola;Mussola;Mussola;Mussola;Mussola;Mussola;Mussola;Mussola;x
b_luquemba;Luquemba;Luquemba;Luquemba;Luquemba;Luquemba;Luquemba;Luquemba;Luquemba;Luquemba;Luquemba;Luquemba;Luquemba;Luquemba;x
b_sautar;Sautar;Sautar;Sautar;Sautar;Sautar;Sautar;Sautar;Sautar;Sautar;Sautar;Sautar;Sautar;Sautar;x
b_quirima;Quirima;Quirima;Quirima;Quirima;Quirima;Quirima;Quirima;Quirima;Quirima;Quirima;Quirima;Quirima;Quirima;x
b_nharea;Nharea;Nharea;Nharea;Nharea;Nharea;Nharea;Nharea;Nharea;Nharea;Nharea;Nharea;Nharea;Nharea;x
b_cangandala;Cangandala;Cangandala;Cangandala;Cangandala;Cangandala;Cangandala;Cangandala;Cangandala;Cangandala;Cangandala;Cangandala;Cangandala;Cangandala;x
b_luremo;Luremo;Luremo;Luremo;Luremo;Luremo;Luremo;Luremo;Luremo;Luremo;Luremo;Luremo;Luremo;Luremo;x
d_hualuen;Huambo;;;;;;;;;;;;;x
d_hualuen_adj;Huambo;;;;;;;;;;;;;x
c_huambo;Huambo;Huambo;Huambo;Huambo;Huambo;Huambo;Huambo;Huambo;Huambo;Huambo;Huambo;Huambo;Huambo;x
c_huambo_adj;Huambo;Huambo;Huambo;Huambo;Huambo;Huambo;Huambo;Huambo;Huambo;Huambo;Huambo;Huambo;Huambo;x
b_huambo;Huambo;Huambo;Huambo;Huambo;Huambo;Huambo;Huambo;Huambo;Huambo;Huambo;Huambo;Huambo;Huambo;x
b_benguela;Benguela;Benguela;Benguela;Benguela;Benguela;Benguela;Benguela;Benguela;Benguela;Benguela;Benguela;Benguela;Benguela;x
b_chitembo;Chitembo;Chitembo;Chitembo;Chitembo;Chitembo;Chitembo;Chitembo;Chitembo;Chitembo;Chitembo;Chitembo;Chitembo;Chitembo;x
b_ballundo;Ballundo;Ballundo;Ballundo;Ballundo;Ballundo;Ballundo;Ballundo;Ballundo;Ballundo;Ballundo;Ballundo;Ballundo;Ballundo;x
b_chingar;Chingar;Chingar;Chingar;Chingar;Chingar;Chingar;Chingar;Chingar;Chingar;Chingar;Chingar;Chingar;Chingar;x
b_cachingues;Cachingues;Cachingues;Cachingues;Cachingues;Cachingues;Cachingues;Cachingues;Cachingues;Cachingues;Cachingues;Cachingues;Cachingues;Cachingues;x
b_culato;Culato;Culato;Culato;Culato;Culato;Culato;Culato;Culato;Culato;Culato;Culato;Culato;Culato;x
b_munhango;Munhango;Munhango;Munhango;Munhango;Munhango;Munhango;Munhango;Munhango;Munhango;Munhango;Munhango;Munhango;Munhango;x
c_luena;Luena;Luena;Luena;Luena;Luena;Luena;Luena;Luena;Luena;Luena;Luena;Luena;Luena;x
c_luena_adj;Luena;Luena;Luena;Luena;Luena;Luena;Luena;Luena;Luena;Luena;Luena;Luena;Luena;x
b_luena;Luena;Luena;Luena;Luena;Luena;Luena;Luena;Luena;Luena;Luena;Luena;Luena;Luena;x
b_camanangue;Camanangue;Camanangue;Camanangue;Camanangue;Camanangue;Camanangue;Camanangue;Camanangue;Camanangue;Camanangue;Camanangue;Camanangue;Camanangue;x
b_cameia;Cameia;Cameia;Cameia;Cameia;Cameia;Cameia;Cameia;Cameia;Cameia;Cameia;Cameia;Cameia;Cameia;x
b_mucussueje;Mucussueje;Mucussueje;Mucussueje;Mucussueje;Mucussueje;Mucussueje;Mucussueje;Mucussueje;Mucussueje;Mucussueje;Mucussueje;Mucussueje;Mucussueje;x
b_chiluage;Chiluage;Chiluage;Chiluage;Chiluage;Chiluage;Chiluage;Chiluage;Chiluage;Chiluage;Chiluage;Chiluage;Chiluage;Chiluage;x
b_lucusse;Lucusse;Lucusse;Lucusse;Lucusse;Lucusse;Lucusse;Lucusse;Lucusse;Lucusse;Lucusse;Lucusse;Lucusse;Lucusse;x
b_chibaranda;Chibaranda;Chibaranda;Chibaranda;Chibaranda;Chibaranda;Chibaranda;Chibaranda;Chibaranda;Chibaranda;Chibaranda;Chibaranda;Chibaranda;Chibaranda;x
k_namibia;Namibia;Namibia;Namibia;Namibia;Namibia;Namibia;Namibia;Namibia;Namibia;Namibia;Namibia;Namibia;Namibia;x
k_namibia_adj;Namibia;Namibia;Namibia;Namibia;Namibia;Namibia;Namibia;Namibia;Namibia;Namibia;Namibia;Namibia;Namibia;x
d_khorwind;Khorwind;Khorwind;Khorwind;Khorwind;Khorwind;Khorwind;Khorwind;Khorwind;Khorwind;Khorwind;Khorwind;Khorwind;Khorwind;x
d_khorwind_adj;Khorwind;Khorwind;Khorwind;Khorwind;Khorwind;Khorwind;Khorwind;Khorwind;Khorwind;Khorwind;Khorwind;Khorwind;Khorwind;x
c_windhoek;Windhoek;Windhoek;Windhoek;Windhoek;Windhoek;Windhoek;Windhoek;Windhoek;Windhoek;Windhoek;Windhoek;Windhoek;Windhoek;x
c_windhoek_adj;Windhoek;Windhoek;Windhoek;Windhoek;Windhoek;Windhoek;Windhoek;Windhoek;Windhoek;Windhoek;Windhoek;Windhoek;Windhoek;x
b_windhoek;Windhoek;Windhoek;Windhoek;Windhoek;Windhoek;Windhoek;Windhoek;Windhoek;Windhoek;Windhoek;Windhoek;Windhoek;Windhoek;x
b_brakwater;Brakwater;Brakwater;Brakwater;Brakwater;Brakwater;Brakwater;Brakwater;Brakwater;Brakwater;Brakwater;Brakwater;Brakwater;Brakwater;x
b_omitara;Omitara;Omitara;Omitara;Omitara;Omitara;Omitara;Omitara;Omitara;Omitara;Omitara;Omitara;Omitara;Omitara;x
b_dordabis;Dordabis;Dordabis;Dordabis;Dordabis;Dordabis;Dordabis;Dordabis;Dordabis;Dordabis;Dordabis;Dordabis;Dordabis;Dordabis;x
b_gamsberg;Gamsberg;Gamsberg;Gamsberg;Gamsberg;Gamsberg;Gamsberg;Gamsberg;Gamsberg;Gamsberg;Gamsberg;Gamsberg;Gamsberg;Gamsberg;x
b_leonardville;Leonardville;Leonardville;Leonardville;Leonardville;Leonardville;Leonardville;Leonardville;Leonardville;Leonardville;Leonardville;Leonardville;Leonardville;Leonardville;x
b_solitaire;Solitaire;Solitaire;Solitaire;Solitaire;Solitaire;Solitaire;Solitaire;Solitaire;Solitaire;Solitaire;Solitaire;Solitaire;Solitaire;x
b_okohandja;Okohandja;Okohandja;Okohandja;Okohandja;Okohandja;Okohandja;Okohandja;Okohandja;Okohandja;Okohandja;Okohandja;Okohandja;Okohandja;x
b_swakopmund;Swakopmund;Swakopmund;Swakopmund;Swakopmund;Swakopmund;Swakopmund;Swakopmund;Swakopmund;Swakopmund;Swakopmund;Swakopmund;Swakopmund;Swakopmund;x
c_khorixas;Khorixas;Khorixas;Khorixas;Khorixas;Khorixas;Khorixas;Khorixas;Khorixas;Khorixas;Khorixas;Khorixas;Khorixas;Khorixas;x
c_khorixas_adj;Khorixas;Khorixas;Khorixas;Khorixas;Khorixas;Khorixas;Khorixas;Khorixas;Khorixas;Khorixas;Khorixas;Khorixas;Khorixas;x
b_khorixas;Khorixas;Khorixas;Khorixas;Khorixas;Khorixas;Khorixas;Khorixas;Khorixas;Khorixas;Khorixas;Khorixas;Khorixas;Khorixas;x
b_fransfontein;Fransfontein;Fransfontein;Fransfontein;Fransfontein;Fransfontein;Fransfontein;Fransfontein;Fransfontein;Fransfontein;Fransfontein;Fransfontein;Fransfontein;Fransfontein;x
b_palmwag;Palmwag;Palmwag;Palmwag;Palmwag;Palmwag;Palmwag;Palmwag;Palmwag;Palmwag;Palmwag;Palmwag;Palmwag;Palmwag;x
b_sesfontein;Sesfontein;Sesfontein;Sesfontein;Sesfontein;Sesfontein;Sesfontein;Sesfontein;Sesfontein;Sesfontein;Sesfontein;Sesfontein;Sesfontein;Sesfontein;x
b_opuwo;Opuwo;Opuwo;Opuwo;Opuwo;Opuwo;Opuwo;Opuwo;Opuwo;Opuwo;Opuwo;Opuwo;Opuwo;Opuwo;x
b_ruacana;Ruacana;Ruacana;Ruacana;Ruacana;Ruacana;Ruacana;Ruacana;Ruacana;Ruacana;Ruacana;Ruacana;Ruacana;Ruacana;x
b_kamanjab;Kamanjab;Kamanjab;Kamanjab;Kamanjab;Kamanjab;Kamanjab;Kamanjab;Kamanjab;Kamanjab;Kamanjab;Kamanjab;Kamanjab;Kamanjab;x
b_otjikondo;Otjikondo;Otjikondo;Otjikondo;Otjikondo;Otjikondo;Otjikondo;Otjikondo;Otjikondo;Otjikondo;Otjikondo;Otjikondo;Otjikondo;Otjikondo;x
d_oskeetotji;Oskeetotji;Oskeetotji;Oskeetotji;Oskeetotji;Oskeetotji;Oskeetotji;Oskeetotji;Oskeetotji;Oskeetotji;Oskeetotji;Oskeetotji;Oskeetotji;Oskeetotji;x
d_oskeetotji_adj;Oskeetotji;Oskeetotji;Oskeetotji;Oskeetotji;Oskeetotji;Oskeetotji;Oskeetotji;Oskeetotji;Oskeetotji;Oskeetotji;Oskeetotji;Oskeetotji;Oskeetotji;x
c_oshakati;Oshakati;Oshakati;Oshakati;Oshakati;Oshakati;Oshakati;Oshakati;Oshakati;Oshakati;Oshakati;Oshakati;Oshakati;Oshakati;x
c_oshakati_adj;Oshakati;Oshakati;Oshakati;Oshakati;Oshakati;Oshakati;Oshakati;Oshakati;Oshakati;Oshakati;Oshakati;Oshakati;Oshakati;x
b_oshakati;Oshakati;Oshakati;Oshakati;Oshakati;Oshakati;Oshakati;Oshakati;Oshakati;Oshakati;Oshakati;Oshakati;Oshakati;Oshakati;x
b_ogongo;Ogongo;Ogongo;Ogongo;Ogongo;Ogongo;Ogongo;Ogongo;Ogongo;Ogongo;Ogongo;Ogongo;Ogongo;Ogongo;x
b_ombalantu;Ombalantu;Ombalantu;Ombalantu;Ombalantu;Ombalantu;Ombalantu;Ombalantu;Ombalantu;Ombalantu;Ombalantu;Ombalantu;Ombalantu;Ombalantu;x
b_ongandjera;Ongandjera;Ongandjera;Ongandjera;Ongandjera;Ongandjera;Ongandjera;Ongandjera;Ongandjera;Ongandjera;Ongandjera;Ongandjera;Ongandjera;Ongandjera;x
b_oshikulu;Oshikulu;Oshikulu;Oshikulu;Oshikulu;Oshikulu;Oshikulu;Oshikulu;Oshikulu;Oshikulu;Oshikulu;Oshikulu;Oshikulu;Oshikulu;x
b_eenhana;Eenhana;Eenhana;Eenhana;Eenhana;Eenhana;Eenhana;Eenhana;Eenhana;Eenhana;Eenhana;Eenhana;Eenhana;Eenhana;x
b_okaukuejo;Okaukuejo;Okaukuejo;Okaukuejo;Okaukuejo;Okaukuejo;Okaukuejo;Okaukuejo;Okaukuejo;Okaukuejo;Okaukuejo;Okaukuejo;Okaukuejo;Okaukuejo;x
b_otjivelo;Otjivelo;Otjivelo;Otjivelo;Otjivelo;Otjivelo;Otjivelo;Otjivelo;Otjivelo;Otjivelo;Otjivelo;Otjivelo;Otjivelo;Otjivelo;x
c_otjiwaarongo;Otjiwaarongo;Otjiwaarongo;Otjiwaarongo;Otjiwaarongo;Otjiwaarongo;Otjiwaarongo;Otjiwaarongo;Otjiwaarongo;Otjiwaarongo;Otjiwaarongo;Otjiwaarongo;Otjiwaarongo;Otjiwaarongo;x
c_otjiwaarongo_adj;Otjiwaarongo;Otjiwaarongo;Otjiwaarongo;Otjiwaarongo;Otjiwaarongo;Otjiwaarongo;Otjiwaarongo;Otjiwaarongo;Otjiwaarongo;Otjiwaarongo;Otjiwaarongo;Otjiwaarongo;Otjiwaarongo;x
b_otjiwaarongo;Otjiwaarongo;Otjiwaarongo;Otjiwaarongo;Otjiwaarongo;Otjiwaarongo;Otjiwaarongo;Otjiwaarongo;Otjiwaarongo;Otjiwaarongo;Otjiwaarongo;Otjiwaarongo;Otjiwaarongo;Otjiwaarongo;x
b_okakarara;Okakarara;Okakarara;Okakarara;Okakarara;Okakarara;Okakarara;Okakarara;Okakarara;Okakarara;Okakarara;Okakarara;Okakarara;Okakarara;x
b_outjo;Outjo;Outjo;Outjo;Outjo;Outjo;Outjo;Outjo;Outjo;Outjo;Outjo;Outjo;Outjo;Outjo;x
b_kalkfeld;Kalkfeld;Kalkfeld;Kalkfeld;Kalkfeld;Kalkfeld;Kalkfeld;Kalkfeld;Kalkfeld;Kalkfeld;Kalkfeld;Kalkfeld;Kalkfeld;Kalkfeld;x
b_otjosondu;Otjosondu;Otjosondu;Otjosondu;Otjosondu;Otjosondu;Otjosondu;Otjosondu;Otjosondu;Otjosondu;Otjosondu;Otjosondu;Otjosondu;Otjosondu;x
b_otjinene;Otjinene;Otjinene;Otjinene;Otjinene;Otjinene;Otjinene;Otjinene;Otjinene;Otjinene;Otjinene;Otjinene;Otjinene;Otjinene;x
b_wilhelmstal;Wilhelmstal;Wilhelmstal;Wilhelmstal;Wilhelmstal;Wilhelmstal;Wilhelmstal;Wilhelmstal;Wilhelmstal;Wilhelmstal;Wilhelmstal;Wilhelmstal;Wilhelmstal;Wilhelmstal;x
b_kombatt;Kombatt;Kombatt;Kombatt;Kombatt;Kombatt;Kombatt;Kombatt;Kombatt;Kombatt;Kombatt;Kombatt;Kombatt;Kombatt;x
c_keetmanshoop;Keetmanshoop;Keetmanshoop;Keetmanshoop;Keetmanshoop;Keetmanshoop;Keetmanshoop;Keetmanshoop;Keetmanshoop;Keetmanshoop;Keetmanshoop;Keetmanshoop;Keetmanshoop;Keetmanshoop;x
c_keetmanshoop_adj;Keetmanshoop;Keetmanshoop;Keetmanshoop;Keetmanshoop;Keetmanshoop;Keetmanshoop;Keetmanshoop;Keetmanshoop;Keetmanshoop;Keetmanshoop;Keetmanshoop;Keetmanshoop;Keetmanshoop;x
b_keetmanshoop;Keetmanshoop;Keetmanshoop;Keetmanshoop;Keetmanshoop;Keetmanshoop;Keetmanshoop;Keetmanshoop;Keetmanshoop;Keetmanshoop;Keetmanshoop;Keetmanshoop;Keetmanshoop;Keetmanshoop;x
b_narubis;Narubis;Narubis;Narubis;Narubis;Narubis;Narubis;Narubis;Narubis;Narubis;Narubis;Narubis;Narubis;Narubis;x
b_aroab;Aroab;Aroab;Aroab;Aroab;Aroab;Aroab;Aroab;Aroab;Aroab;Aroab;Aroab;Aroab;Aroab;x
b_grunau;Grunau;Grunau;Grunau;Grunau;Grunau;Grunau;Grunau;Grunau;Grunau;Grunau;Grunau;Grunau;Grunau;x
b_holoog;Holoog;Holoog;Holoog;Holoog;Holoog;Holoog;Holoog;Holoog;Holoog;Holoog;Holoog;Holoog;Holoog;x
b_karasburg;Karasburg;Karasburg;Karasburg;Karasburg;Karasburg;Karasburg;Karasburg;Karasburg;Karasburg;Karasburg;Karasburg;Karasburg;Karasburg;x
b_warmbad;Warmbad;Warmbad;Warmbad;Warmbad;Warmbad;Warmbad;Warmbad;Warmbad;Warmbad;Warmbad;Warmbad;Warmbad;Warmbad;x
b_ariamsvlei;Ariamsvlei;Ariamsvlei;Ariamsvlei;Ariamsvlei;Ariamsvlei;Ariamsvlei;Ariamsvlei;Ariamsvlei;Ariamsvlei;Ariamsvlei;Ariamsvlei;Ariamsvlei;Ariamsvlei;x
k_botswana;Botswana;Botswana;Botswana;Botswana;Botswana;Botswana;Botswana;Botswana;Botswana;Botswana;Botswana;Botswana;Botswana;x
k_botswana_adj;Botswana;Botswana;Botswana;Botswana;Botswana;Botswana;Botswana;Botswana;Botswana;Botswana;Botswana;Botswana;Botswana;x
d_ghagabtsha;Ghagabtsha;Ghagabtsha;Ghagabtsha;Ghagabtsha;Ghagabtsha;Ghagabtsha;Ghagabtsha;Ghagabtsha;Ghagabtsha;Ghagabtsha;Ghagabtsha;Ghagabtsha;Ghagabtsha;x
d_ghagabtsha_adj;Ghagabtsha;Ghagabtsha;Ghagabtsha;Ghagabtsha;Ghagabtsha;Ghagabtsha;Ghagabtsha;Ghagabtsha;Ghagabtsha;Ghagabtsha;Ghagabtsha;Ghagabtsha;Ghagabtsha;x
c_ghanzi;Ghanzi;Ghanzi;Ghanzi;Ghanzi;Ghanzi;Ghanzi;Ghanzi;Ghanzi;Ghanzi;Ghanzi;Ghanzi;Ghanzi;Ghanzi;x
c_ghanzi_adj;Ghanzi;Ghanzi;Ghanzi;Ghanzi;Ghanzi;Ghanzi;Ghanzi;Ghanzi;Ghanzi;Ghanzi;Ghanzi;Ghanzi;Ghanzi;x
b_ghanzi;Ghanzi;Ghanzi;Ghanzi;Ghanzi;Ghanzi;Ghanzi;Ghanzi;Ghanzi;Ghanzi;Ghanzi;Ghanzi;Ghanzi;Ghanzi;x
b_mamuno;Mamuno;Mamuno;Mamuno;Mamuno;Mamuno;Mamuno;Mamuno;Mamuno;Mamuno;Mamuno;Mamuno;Mamuno;Mamuno;x
b_nojane;Nojane;Nojane;Nojane;Nojane;Nojane;Nojane;Nojane;Nojane;Nojane;Nojane;Nojane;Nojane;Nojane;x
b_takatshwane;Takatshwane;Takatshwane;Takatshwane;Takatshwane;Takatshwane;Takatshwane;Takatshwane;Takatshwane;Takatshwane;Takatshwane;Takatshwane;Takatshwane;Takatshwane;x
b_bodibeng;Bodibeng;Bodibeng;Bodibeng;Bodibeng;Bodibeng;Bodibeng;Bodibeng;Bodibeng;Bodibeng;Bodibeng;Bodibeng;Bodibeng;Bodibeng;x
b_nokaneng;Nokaneng;Nokaneng;Nokaneng;Nokaneng;Nokaneng;Nokaneng;Nokaneng;Nokaneng;Nokaneng;Nokaneng;Nokaneng;Nokaneng;Nokaneng;x
b_sepupa;Sepupa;Sepupa;Sepupa;Sepupa;Sepupa;Sepupa;Sepupa;Sepupa;Sepupa;Sepupa;Sepupa;Sepupa;Sepupa;x
b_shakawe;Shakawe;Shakawe;Shakawe;Shakawe;Shakawe;Shakawe;Shakawe;Shakawe;Shakawe;Shakawe;Shakawe;Shakawe;Shakawe;x
c_tshabong;Tshabong;Tshabong;Tshabong;Tshabong;Tshabong;Tshabong;Tshabong;Tshabong;Tshabong;Tshabong;Tshabong;Tshabong;Tshabong;x
c_tshabong_adj;Tshabong;Tshabong;Tshabong;Tshabong;Tshabong;Tshabong;Tshabong;Tshabong;Tshabong;Tshabong;Tshabong;Tshabong;Tshabong;x
b_tshabong;Tshabong;Tshabong;Tshabong;Tshabong;Tshabong;Tshabong;Tshabong;Tshabong;Tshabong;Tshabong;Tshabong;Tshabong;Tshabong;x
b_makopong;Makopong;Makopong;Makopong;Makopong;Makopong;Makopong;Makopong;Makopong;Makopong;Makopong;Makopong;Makopong;Makopong;x
b_kuhuntsi;Kuhuntsi;Kuhuntsi;Kuhuntsi;Kuhuntsi;Kuhuntsi;Kuhuntsi;Kuhuntsi;Kuhuntsi;Kuhuntsi;Kuhuntsi;Kuhuntsi;Kuhuntsi;Kuhuntsi;x
b_lehututu;Lehututu;Lehututu;Lehututu;Lehututu;Lehututu;Lehututu;Lehututu;Lehututu;Lehututu;Lehututu;Lehututu;Lehututu;Lehututu;x
b_werdda;Werdda;Werdda;Werdda;Werdda;Werdda;Werdda;Werdda;Werdda;Werdda;Werdda;Werdda;Werdda;Werdda;x
c_gaborone;Gaborone;Gaborone;Gaborone;Gaborone;Gaborone;Gaborone;Gaborone;Gaborone;Gaborone;Gaborone;Gaborone;Gaborone;Gaborone;x
c_gaborone_adj;Gaborone;Gaborone;Gaborone;Gaborone;Gaborone;Gaborone;Gaborone;Gaborone;Gaborone;Gaborone;Gaborone;Gaborone;Gaborone;x
b_gaborone;Gaborone;Gaborone;Gaborone;Gaborone;Gaborone;Gaborone;Gaborone;Gaborone;Gaborone;Gaborone;Gaborone;Gaborone;Gaborone;x
b_lobatse;Lobatse;Lobatse;Lobatse;Lobatse;Lobatse;Lobatse;Lobatse;Lobatse;Lobatse;Lobatse;Lobatse;Lobatse;Lobatse;x
b_ramotswa;Ramotswa;Ramotswa;Ramotswa;Ramotswa;Ramotswa;Ramotswa;Ramotswa;Ramotswa;Ramotswa;Ramotswa;Ramotswa;Ramotswa;Ramotswa;x
b_sikwane;Sikwane;Sikwane;Sikwane;Sikwane;Sikwane;Sikwane;Sikwane;Sikwane;Sikwane;Sikwane;Sikwane;Sikwane;Sikwane;x
b_mosoname;Mosoname;Mosoname;Mosoname;Mosoname;Mosoname;Mosoname;Mosoname;Mosoname;Mosoname;Mosoname;Mosoname;Mosoname;Mosoname;x
b_dibete;Dibete;Dibete;Dibete;Dibete;Dibete;Dibete;Dibete;Dibete;Dibete;Dibete;Dibete;Dibete;Dibete;x
b_mahalapye;Mahalapye;Mahalapye;Mahalapye;Mahalapye;Mahalapye;Mahalapye;Mahalapye;Mahalapye;Mahalapye;Mahalapye;Mahalapye;Mahalapye;Mahalapye;x
b_lentswelelau;Lentswelelau;Lentswelelau;Lentswelelau;Lentswelelau;Lentswelelau;Lentswelelau;Lentswelelau;Lentswelelau;Lentswelelau;Lentswelelau;Lentswelelau;Lentswelelau;Lentswelelau;x
d_sermole;Sermole;Sermole;Sermole;Sermole;Sermole;Sermole;Sermole;Sermole;Sermole;Sermole;Sermole;Sermole;Sermole;x
d_sermole_adj;Sermole;Sermole;Sermole;Sermole;Sermole;Sermole;Sermole;Sermole;Sermole;Sermole;Sermole;Sermole;Sermole;x
c_serowe;Serowe;Serowe;Serowe;Serowe;Serowe;Serowe;Serowe;Serowe;Serowe;Serowe;Serowe;Serowe;Serowe;x
c_serowe_adj;Serowe;Serowe;Serowe;Serowe;Serowe;Serowe;Serowe;Serowe;Serowe;Serowe;Serowe;Serowe;Serowe;x
b_serowe;Serowe;Serowe;Serowe;Serowe;Serowe;Serowe;Serowe;Serowe;Serowe;Serowe;Serowe;Serowe;Serowe;x
b_pandamatenga;Pandamatenga;Pandamatenga;Pandamatenga;Pandamatenga;Pandamatenga;Pandamatenga;Pandamatenga;Pandamatenga;Pandamatenga;Pandamatenga;Pandamatenga;Pandamatenga;Pandamatenga;x
b_ngwezumba;Ngwezumba;Ngwezumba;Ngwezumba;Ngwezumba;Ngwezumba;Ngwezumba;Ngwezumba;Ngwezumba;Ngwezumba;Ngwezumba;Ngwezumba;Ngwezumba;Ngwezumba;x
b_lethakane;Lethakane;Lethakane;Lethakane;Lethakane;Lethakane;Lethakane;Lethakane;Lethakane;Lethakane;Lethakane;Lethakane;Lethakane;Lethakane;x
b_xorodomo;Xorodomo;Xorodomo;Xorodomo;Xorodomo;Xorodomo;Xorodomo;Xorodomo;Xorodomo;Xorodomo;Xorodomo;Xorodomo;Xorodomo;Xorodomo;x
b_rakops;Rakops;Rakops;Rakops;Rakops;Rakops;Rakops;Rakops;Rakops;Rakops;Rakops;Rakops;Rakops;Rakops;x
b_mopipi;Mopipi;Mopipi;Mopipi;Mopipi;Mopipi;Mopipi;Mopipi;Mopipi;Mopipi;Mopipi;Mopipi;Mopipi;Mopipi;x
b_tutumme;Tutumme;Tutumme;Tutumme;Tutumme;Tutumme;Tutumme;Tutumme;Tutumme;Tutumme;Tutumme;Tutumme;Tutumme;Tutumme;x
c_molepolole;Molepolole;Molepolole;Molepolole;Molepolole;Molepolole;Molepolole;Molepolole;Molepolole;Molepolole;Molepolole;Molepolole;Molepolole;Molepolole;x
c_molepolole_adj;Molepolole;Molepolole;Molepolole;Molepolole;Molepolole;Molepolole;Molepolole;Molepolole;Molepolole;Molepolole;Molepolole;Molepolole;Molepolole;x
b_molepolole;Molepolole;Molepolole;Molepolole;Molepolole;Molepolole;Molepolole;Molepolole;Molepolole;Molepolole;Molepolole;Molepolole;Molepolole;Molepolole;x
b_palapyee;Palapye;Palapye;Palapye;Palapye;Palapye;Palapye;Palapye;Palapye;Palapye;Palapye;Palapye;Palapye;Palapye;x
b_sefophe;Sefophe;Sefophe;Sefophe;Sefophe;Sefophe;Sefophe;Sefophe;Sefophe;Sefophe;Sefophe;Sefophe;Sefophe;Sefophe;x
b_mmadinaree;Mmadinare;Mmadinare;Mmadinare;Mmadinare;Mmadinare;Mmadinare;Mmadinare;Mmadinare;Mmadinare;Mmadinare;Mmadinare;Mmadinare;Mmadinare;x
b_bobonong;Bobonong;Bobonong;Bobonong;Bobonong;Bobonong;Bobonong;Bobonong;Bobonong;Bobonong;Bobonong;Bobonong;Bobonong;Bobonong;x
b_tonota;Tonota;Tonota;Tonota;Tonota;Tonota;Tonota;Tonota;Tonota;Tonota;Tonota;Tonota;Tonota;Tonota;x
k_south_africa;Namaland;;;;;;;;;;;;;x
k_south_africa_adj;Namaland;;;;;;;;;;;;;x
d_kimcabloem;Kimcabloem;Kimcabloem;Kimcabloem;Kimcabloem;Kimcabloem;Kimcabloem;Kimcabloem;Kimcabloem;Kimcabloem;Kimcabloem;Kimcabloem;Kimcabloem;Kimcabloem;x
d_kimcabloem_adj;Kimcabloem;Kimcabloem;Kimcabloem;Kimcabloem;Kimcabloem;Kimcabloem;Kimcabloem;Kimcabloem;Kimcabloem;Kimcabloem;Kimcabloem;Kimcabloem;Kimcabloem;x
c_cape_town;Cape Town;;Cape Town;Cape Town;Cape Town;Cape Town;Cape Town;Cape Town;Cape Town;Cape Town;Cape Town;Cape Town;Cape Town;Cape Town;x
c_cape_town_adj;Cape Town;Cape Town;Cape Town;Cape Town;Cape Town;Cape Town;Cape Town;Cape Town;Cape Town;Cape Town;Cape Town;Cape Town;Cape Town;x
b_cape_town;Cape Town;Cape Town;Cape Town;Cape Town;Cape Town;Cape Town;Cape Town;Cape Town;Cape Town;Cape Town;Cape Town;Cape Town;Cape Town;x
b_khayelitsha;Khayelitsha;Khayelitsha;Khayelitsha;Khayelitsha;Khayelitsha;Khayelitsha;Khayelitsha;Khayelitsha;Khayelitsha;Khayelitsha;Khayelitsha;Khayelitsha;Khayelitsha;x
b_stellenbosch;Stellenbosch;Stellenbosch;Stellenbosch;Stellenbosch;Stellenbosch;Stellenbosch;Stellenbosch;Stellenbosch;Stellenbosch;Stellenbosch;Stellenbosch;Stellenbosch;Stellenbosch;x
b_worcesterr;Worcester;Worcester;Worcester;Worcester;Worcester;Worcester;Worcester;Worcester;Worcester;Worcester;Worcester;Worcester;Worcester;x
b_bredasdorp;Bredasdorp;Bredasdorp;Bredasdorp;Bredasdorp;Bredasdorp;Bredasdorp;Bredasdorp;Bredasdorp;Bredasdorp;Bredasdorp;Bredasdorp;Bredasdorp;Bredasdorp;x
b_calitzdorp;Calitzdorp;Calitzdorp;Calitzdorp;Calitzdorp;Calitzdorp;Calitzdorp;Calitzdorp;Calitzdorp;Calitzdorp;Calitzdorp;Calitzdorp;Calitzdorp;Calitzdorp;x
b_oudtshoorn;Oudtshoorn;Oudtshoorn;Oudtshoorn;Oudtshoorn;Oudtshoorn;Oudtshoorn;Oudtshoorn;Oudtshoorn;Oudtshoorn;Oudtshoorn;Oudtshoorn;Oudtshoorn;Oudtshoorn;x
b_uniondale;Uniondale;Uniondale;Uniondale;Uniondale;Uniondale;Uniondale;Uniondale;Uniondale;Uniondale;Uniondale;Uniondale;Uniondale;Uniondale;x
c_kimberley;Kimberley;Kimberley;Kimberley;Kimberley;Kimberley;Kimberley;Kimberley;Kimberley;Kimberley;Kimberley;Kimberley;Kimberley;Kimberley;x
c_kimberley_adj;Kimberley;Kimberley;Kimberley;Kimberley;Kimberley;Kimberley;Kimberley;Kimberley;Kimberley;Kimberley;Kimberley;Kimberley;Kimberley;x
b_kimberley;Kimberley;Kimberley;Kimberley;Kimberley;Kimberley;Kimberley;Kimberley;Kimberley;Kimberley;Kimberley;Kimberley;Kimberley;Kimberley;x
b_postmasburg;Postmasburg;Postmasburg;Postmasburg;Postmasburg;Postmasburg;Postmasburg;Postmasburg;Postmasburg;Postmasburg;Postmasburg;Postmasburg;Postmasburg;Postmasburg;x
b_springbok;Springbok;Springbok;Springbok;Springbok;Springbok;Springbok;Springbok;Springbok;Springbok;Springbok;Springbok;Springbok;Springbok;x
b_nababeep;Nababeep;Nababeep;Nababeep;Nababeep;Nababeep;Nababeep;Nababeep;Nababeep;Nababeep;Nababeep;Nababeep;Nababeep;Nababeep;x
b_hondeklipbaai;Hondeklipbaai;Hondeklipbaai;Hondeklipbaai;Hondeklipbaai;Hondeklipbaai;Hondeklipbaai;Hondeklipbaai;Hondeklipbaai;Hondeklipbaai;Hondeklipbaai;Hondeklipbaai;Hondeklipbaai;Hondeklipbaai;x
b_brandvlei;Brandvlei;Brandvlei;Brandvlei;Brandvlei;Brandvlei;Brandvlei;Brandvlei;Brandvlei;Brandvlei;Brandvlei;Brandvlei;Brandvlei;Brandvlei;x
c_bloemfontein;Bloemfontein;Bloemfontein;Bloemfontein;Bloemfontein;Bloemfontein;Bloemfontein;Bloemfontein;Bloemfontein;Bloemfontein;Bloemfontein;Bloemfontein;Bloemfontein;Bloemfontein;x
c_bloemfontein_adj;Bloemfontein;Bloemfontein;Bloemfontein;Bloemfontein;Bloemfontein;Bloemfontein;Bloemfontein;Bloemfontein;Bloemfontein;Bloemfontein;Bloemfontein;Bloemfontein;Bloemfontein;x
b_bloemfontein;Bloemfontein;Bloemfontein;Bloemfontein;Bloemfontein;Bloemfontein;Bloemfontein;Bloemfontein;Bloemfontein;Bloemfontein;Bloemfontein;Bloemfontein;Bloemfontein;Bloemfontein;x
b_petrusburg;Petrusburg;Petrusburg;Petrusburg;Petrusburg;Petrusburg;Petrusburg;Petrusburg;Petrusburg;Petrusburg;Petrusburg;Petrusburg;Petrusburg;Petrusburg;x
b_botshabelo;Botshabelo;Botshabelo;Botshabelo;Botshabelo;Botshabelo;Botshabelo;Botshabelo;Botshabelo;Botshabelo;Botshabelo;Botshabelo;Botshabelo;Botshabelo;x
b_welkom;Welkom;Welkom;Welkom;Welkom;Welkom;Welkom;Welkom;Welkom;Welkom;Welkom;Welkom;Welkom;Welkom;x
b_odendoolsrus;Odendoolsrus;Odendoolsrus;Odendoolsrus;Odendoolsrus;Odendoolsrus;Odendoolsrus;Odendoolsrus;Odendoolsrus;Odendoolsrus;Odendoolsrus;Odendoolsrus;Odendoolsrus;Odendoolsrus;x
b_koffiefontein;Koffiefontein;Koffiefontein;Koffiefontein;Koffiefontein;Koffiefontein;Koffiefontein;Koffiefontein;Koffiefontein;Koffiefontein;Koffiefontein;Koffiefontein;Koffiefontein;Koffiefontein;x
d_johasowne;Johasowne;Johasowne;Johasowne;Johasowne;Johasowne;Johasowne;Johasowne;Johasowne;Johasowne;Johasowne;Johasowne;Johasowne;Johasowne;x
d_johasowne_adj;Johasowne;Johasowne;Johasowne;Johasowne;Johasowne;Johasowne;Johasowne;Johasowne;Johasowne;Johasowne;Johasowne;Johasowne;Johasowne;x
c_johannesburg;Johannesburg;Johannesburg;Johannesburg;Johannesburg;Johannesburg;Johannesburg;Johannesburg;Johannesburg;Johannesburg;Johannesburg;Johannesburg;Johannesburg;Johannesburg;x
c_johannesburg_adj;Johannesburg;Johannesburg;Johannesburg;Johannesburg;Johannesburg;Johannesburg;Johannesburg;Johannesburg;Johannesburg;Johannesburg;Johannesburg;Johannesburg;Johannesburg;x
b_johannesburg;Johannesburg;Johannesburg;Johannesburg;Johannesburg;Johannesburg;Johannesburg;Johannesburg;Johannesburg;Johannesburg;Johannesburg;Johannesburg;Johannesburg;Johannesburg;x
b_soshanguve;Soshanguve;Soshanguve;Soshanguve;Soshanguve;Soshanguve;Soshanguve;Soshanguve;Soshanguve;Soshanguve;Soshanguve;Soshanguve;Soshanguve;Soshanguve;x
b_pietersburg;Pietersburg;Pietersburg;Pietersburg;Pietersburg;Pietersburg;Pietersburg;Pietersburg;Pietersburg;Pietersburg;Pietersburg;Pietersburg;Pietersburg;Pietersburg;x
b_gauteng;Gauteng;Gauteng;Gauteng;Gauteng;Gauteng;Gauteng;Gauteng;Gauteng;Gauteng;Gauteng;Gauteng;Gauteng;Gauteng;x
b_evaton;Evaton;Evaton;Evaton;Evaton;Evaton;Evaton;Evaton;Evaton;Evaton;Evaton;Evaton;Evaton;Evaton;x
b_rustenburg;Rustenburg;Rustenburg;Rustenburg;Rustenburg;Rustenburg;Rustenburg;Rustenburg;Rustenburg;Rustenburg;Rustenburg;Rustenburg;Rustenburg;Rustenburg;x
b_benoni;Benoni;Benoni;Benoni;Benoni;Benoni;Benoni;Benoni;Benoni;Benoni;Benoni;Benoni;Benoni;Benoni;x
b_kathlehong;Kathlehong;Kathlehong;Kathlehong;Kathlehong;Kathlehong;Kathlehong;Kathlehong;Kathlehong;Kathlehong;Kathlehong;Kathlehong;Kathlehong;Kathlehong;x
c_soweto;Soweto;Soweto;Soweto;Soweto;Soweto;Soweto;Soweto;Soweto;Soweto;Soweto;Soweto;Soweto;Soweto;x
c_soweto_adj;Soweto;Soweto;Soweto;Soweto;Soweto;Soweto;Soweto;Soweto;Soweto;Soweto;Soweto;Soweto;Soweto;x
b_soweto;Soweto;Soweto;Soweto;Soweto;Soweto;Soweto;Soweto;Soweto;Soweto;Soweto;Soweto;Soweto;Soweto;x
b_vaalwater;Vaalwater;Vaalwater;Vaalwater;Vaalwater;Vaalwater;Vaalwater;Vaalwater;Vaalwater;Vaalwater;Vaalwater;Vaalwater;Vaalwater;Vaalwater;x
b_pundamaria;Pundamaria;Pundamaria;Pundamaria;Pundamaria;Pundamaria;Pundamaria;Pundamaria;Pundamaria;Pundamaria;Pundamaria;Pundamaria;Pundamaria;Pundamaria;x
b_thohoyandou;Thohoyandou;Thohoyandou;Thohoyandou;Thohoyandou;Thohoyandou;Thohoyandou;Thohoyandou;Thohoyandou;Thohoyandou;Thohoyandou;Thohoyandou;Thohoyandou;Thohoyandou;x
b_giyani;Giyani;Giyani;Giyani;Giyani;Giyani;Giyani;Giyani;Giyani;Giyani;Giyani;Giyani;Giyani;Giyani;x
b_phalaborwa;Phalaborwa;Phalaborwa;Phalaborwa;Phalaborwa;Phalaborwa;Phalaborwa;Phalaborwa;Phalaborwa;Phalaborwa;Phalaborwa;Phalaborwa;Phalaborwa;Phalaborwa;x
b_steelpoort;Steelpoort;Steelpoort;Steelpoort;Steelpoort;Steelpoort;Steelpoort;Steelpoort;Steelpoort;Steelpoort;Steelpoort;Steelpoort;Steelpoort;Steelpoort;x
b_gravelotte;Gravelotte;Gravelotte;Gravelotte;Gravelotte;Gravelotte;Gravelotte;Gravelotte;Gravelotte;Gravelotte;Gravelotte;Gravelotte;Gravelotte;Gravelotte;x
c_neispruit;Neispruit;Neispruit;Neispruit;Neispruit;Neispruit;Neispruit;Neispruit;Neispruit;Neispruit;Neispruit;Neispruit;Neispruit;Neispruit;x
c_neispruit_adj;Neispruit;Neispruit;Neispruit;Neispruit;Neispruit;Neispruit;Neispruit;Neispruit;Neispruit;Neispruit;Neispruit;Neispruit;Neispruit;x
b_neispruit;Neispruit;Neispruit;Neispruit;Neispruit;Neispruit;Neispruit;Neispruit;Neispruit;Neispruit;Neispruit;Neispruit;Neispruit;Neispruit;x
b_ermelo;Ermelo;Ermelo;Ermelo;Ermelo;Ermelo;Ermelo;Ermelo;Ermelo;Ermelo;Ermelo;Ermelo;Ermelo;Ermelo;x
b_standerion;Standerion;Standerion;Standerion;Standerion;Standerion;Standerion;Standerion;Standerion;Standerion;Standerion;Standerion;Standerion;Standerion;x
b_volksrust;Volksrust;Volksrust;Volksrust;Volksrust;Volksrust;Volksrust;Volksrust;Volksrust;Volksrust;Volksrust;Volksrust;Volksrust;Volksrust;x
b_nongoma;Nongoma;Nongoma;Nongoma;Nongoma;Nongoma;Nongoma;Nongoma;Nongoma;Nongoma;Nongoma;Nongoma;Nongoma;Nongoma;x
b_estcourt;Estcourt;Estcourt;Estcourt;Estcourt;Estcourt;Estcourt;Estcourt;Estcourt;Estcourt;Estcourt;Estcourt;Estcourt;Estcourt;x
b_pietermaritzburg;Pietermaritzburg;Pietermaritzburg;Pietermaritzburg;Pietermaritzburg;Pietermaritzburg;Pietermaritzburg;Pietermaritzburg;Pietermaritzburg;Pietermaritzburg;Pietermaritzburg;Pietermaritzburg;Pietermaritzburg;Pietermaritzburg;x
d_mongunew;Mongu;;;;;;;;;;;;;x
d_mongunew_adj;Mongu;;;;;;;;;;;;;x
b_mongunew;Mongu;;;;;;;;;;;;;x
b_mongunew-ii;Mutombwe;;;;;;;;;;;;;x
b_mongunew-iii;Siwa;;;;;;;;;;;;;x
b_mongunew-iv;Malengwa;;;;;;;;;;;;;x
b_mongunew-v;Kwibisa;;;;;;;;;;;;;x
b_senanga-ii;Munene;;;;;;;;;;;;;x
b_senanga-iii;Sioma;;;;;;;;;;;;;x
b_senanga-iv;Bwato;;;;;;;;;;;;;x
b_senanga-v;Kakulubelwa;;;;;;;;;;;;;x
b_kaoma;Kaoma;;;;;;;;;;;;;x
b_kaoma-ii;Kalowa;;;;;;;;;;;;;x
b_kaoma-iii;Kayambila;;;;;;;;;;;;;x
b_kaoma-iv;Shamanga;;;;;;;;;;;;;x 
b_kaoma-v;Kabimba;;;;;;;;;;;;;x
b_kabutu;Kabutu;;;;;;;;;;;;;x
b_kabutu-ii;Liavwaya;;;;;;;;;;;;;x
b_kabutu-iii;Munyanya;;;;;;;;;;;;;x
b_kabutu-iv;Chambianguzu;;;;;;;;;;;;;x
b_kabutu-v;Mulobezi;;;;;;;;;;;;;x
b_ndola;Ndola;;;;;;;;;;;;;x
b_ndola-ii;Luanshya;;;;;;;;;;;;;x
b_ndola-iii;Mwenso;;;;;;;;;;;;;x
b_ndola-iv;Chilobia;;;;;;;;;;;;;x
b_ndola-v;Kafulafuta;;;;;;;;;;;;;x
d_zambezi;Zambezi;;;;;;;;;;;;;x
b_zambezi-ii;Kamwata;;;;;;;;;;;;;x
b_zambezi-iii;Chikomo;;;;;;;;;;;;;x
b_zambezi-iv;Kalengozola;;;;;;;;;;;;;x
b_zambezi-v;Kachoka;;;;;;;;;;;;;x
b_lubumbashi;Lubumbashi;;;;;;;;;;;;;x
b_lubumbashi-ii;Mwangalala;;;;;;;;;;;;;x
b_lubumbashi-iii;Minga;;;;;;;;;;;;;x
b_lubumbashi-iv;Kalemba Bwalia;;;;;;;;;;;;;x
b_lubumbashi-v;Likasi;;;;;;;;;;;;;x
b_kitwe;Kitwe;;;;;;;;;;;;;x
b_kitwe-ii;Chambishi;;;;;;;;;;;;;x
b_kitwe-iii;Chingola;;;;;;;;;;;;;x
b_kitwe-iv;Mufulira;;;;;;;;;;;;;x
b_kitwe-v;Mokambo;;;;;;;;;;;;;x
b_kawambwa-ii;Luapula;;;;;;;;;;;;;x
b_kawambwa-iii;Kazembe;;;;;;;;;;;;;x
b_kawambwa-iv;Mushota;;;;;;;;;;;;;x
b_kawambwa-v;Mupoposhi;;;;;;;;;;;;;x
b_kasama-ii;Mungwi;;;;;;;;;;;;;x
b_kasama-iii;Maule;;;;;;;;;;;;;x
b_kasama-iv;Chulubula;;;;;;;;;;;;;x
b_kasama-v;Nkula;;;;;;;;;;;;;x
d_lusaka;Lusaka;;;;;;;;;;;;;x
b_lusaka;Lusaka;;;;;;;;;;;;;x
b_lusaka-ii;Chawama;;;;;;;;;;;;;x
b_lusaka-iii;Chisamba;;;;;;;;;;;;;x
b_lusaka-iv;Nampundwe;;;;;;;;;;;;;x
b_lusaka-v;Shibuyunje;;;;;;;;;;;;;x
b_mazabuka-ii;Malundu;;;;;;;;;;;;;x
b_mazabuka-iii;Chikankata;;;;;;;;;;;;;x
b_mazabuka-iv;Siamwinga;;;;;;;;;;;;;x
b_mazabuka-v;Monze;;;;;;;;;;;;;x
b_choma-ii;Batoka;;;;;;;;;;;;;x
b_choma-iii;Siachitema;;;;;;;;;;;;;x
b_choma-iv;Kamwano;;;;;;;;;;;;;x
b_choma-v;Maamba;;;;;;;;;;;;;x
b_muchinga;Chinsali;;;;;;;;;;;;;x
b_muchinga-ii;Kopa;;;;;;;;;;;;;x
b_muchinga-iii;Mpika;;;;;;;;;;;;;x
b_muchinga-iv;Isoka;;;;;;;;;;;;;x
b_muchinga-v;Nabwalya;;;;;;;;;;;;;x
b_chipata-ii;Kapatamoyo;;;;;;;;;;;;;x
b_chipata-iii;Kachebere;;;;;;;;;;;;;x
b_chipata-iv;Maguya;;;;;;;;;;;;;x
b_chipata-v;Gomani;;;;;;;;;;;;;x
b_butembo;Butembo;;;;;;;;;;;;;x
b_butembo-ii;Kikuku;;;;;;;;;;;;;x
b_butembo-iii;Makarwe;;;;;;;;;;;;;x
b_butembo-iv;Bureza;;;;;;;;;;;;;x
b_butembo-v;Muleba;;;;;;;;;;;;;x
b_mbuji_mayi;Mbuji-Mayi;;;;;;;;;;;;;x
b_mbuji_mayi-ii;Kapala;;;;;;;;;;;;;x
b_mbuji_mayi-iii;Merode;;;;;;;;;;;;;x
b_mbuji_mayi-iv;Kwadi;;;;;;;;;;;;;x
b_mbuji_mayi-v;Bakwa-Tshibaka;;;;;;;;;;;;;x
b_kamina-ii;Kantobo;;;;;;;;;;;;;x
b_kamina-iii;Kaumbo;;;;;;;;;;;;;x
b_kamina-iv;Muleba;;;;;;;;;;;;;x
b_kamina-v;Kinda;;;;;;;;;;;;;x
b_kahemba;Kahemba;;;;;;;;;;;;;x
b_kahemba-ii;Mwatshimbungu;;;;;;;;;;;;;x
b_kahemba-iii;Nandama;;;;;;;;;;;;;x
b_kahemba-iv;Mwamukanda;;;;;;;;;;;;;x
b_kahemba-v;Kibunda;;;;;;;;;;;;;x
b_kolwezi;Kolwezi;;;;;;;;;;;;;x
b_kolwezi-ii;Kanzene;;;;;;;;;;;;;x
b_kolwezi-iii;Busanga;;;;;;;;;;;;;x
b_kolwezi-iv;Fungurume;;;;;;;;;;;;;x
b_kolwezi-v;Tenke;;;;;;;;;;;;;x
b_manono;Manono;;;;;;;;;;;;;x
b_manono-ii;Ankoro;;;;;;;;;;;;;x
b_manono-iii;Kabalo;;;;;;;;;;;;;x
b_manono-iv;Nyunzu;;;;;;;;;;;;;x
b_manono-v;Kafifi;;;;;;;;;;;;;x
b_mwenga;Mwenga;;;;;;;;;;;;;x
b_mwenga-ii;Isasa;;;;;;;;;;;;;x
b_mwenga-iii;Ilamba;;;;;;;;;;;;;x
b_mwenga-iv;Kamituga;;;;;;;;;;;;;x
b_mwenga-v;Mulungu;;;;;;;;;;;;;x
b_cabinda;Cabinda;;;;;;;;;;;;;x
b_cabinda-ii;Massabi;;;;;;;;;;;;;x
b_cabinda-iii;Landana;;;;;;;;;;;;;x
b_cabinda-iv;N'pela;;;;;;;;;;;;;x
b_cabinda-v;Malongo;;;;;;;;;;;;;x
b_matadi;Matadi;;;;;;;;;;;;;x
b_matadi-ii;Kizulu;;;;;;;;;;;;;x
b_matadi-iii;Kingolo;;;;;;;;;;;;;x
b_matadi-iv;Kenge;;;;;;;;;;;;;x
b_matadi-v;Bomba;;;;;;;;;;;;;x
b_mbanza;Mbanza;;;;;;;;;;;;;x
b_mbanza-ii;Cuimba;;;;;;;;;;;;;x
b_mbanza-iii;Madimba;;;;;;;;;;;;;x
b_mbanza-iv;Luvo;;;;;;;;;;;;;x
b_mbanza-v;Mepala;;;;;;;;;;;;;x
b_kikwit;Kikwit;;;;;;;;;;;;;x
b_kikwit-ii;Kikongo;;;;;;;;;;;;;x
b_kikwit-iii;Busongo;;;;;;;;;;;;;x
b_kikwit-iv;Kimputu;;;;;;;;;;;;;x
b_kikwit-v;Bumba;;;;;;;;;;;;;x
b_andrada;Andrada;;;;;;;;;;;;;x
b_andrada-ii;Samuata;;;;;;;;;;;;;x
b_andrada-iii;Cambulo;;;;;;;;;;;;;x
b_andrada-iv;Muinda;;;;;;;;;;;;;x
b_andrada-v;Lufuma;;;;;;;;;;;;;x
d_lubango;Lubango;;;;;;;;;;;;;x
b_dongo;Dongo;;;;;;;;;;;;;x
b_dongo-ii;Huila;;;;;;;;;;;;;x
b_dongo-iii;Chibia;;;;;;;;;;;;;x
b_dongo-iv;Caholo;;;;;;;;;;;;;x
b_dongo-v;Camana;;;;;;;;;;;;;x
b_tombua;Tombua;;;;;;;;;;;;;x
b_tombua-ii;Camilunga;;;;;;;;;;;;;x
b_tombua-iii;Pediba;;;;;;;;;;;;;x
b_tombua-iv;Capolopopo;;;;;;;;;;;;;x
b_tombua-v;Otchifengo;;;;;;;;;;;;;x
b_muie;Muie;;;;;;;;;;;;;x
b_muie-ii;Cangamba;;;;;;;;;;;;;x
b_muie-iii;Lumbala;;;;;;;;;;;;;x
b_muie-iv;Mussuma;;;;;;;;;;;;;x
b_muie-v;Lucusse;;;;;;;;;;;;;x
b_bie-ii;Catabola;;;;;;;;;;;;;x
b_bie-iii;Luando;;;;;;;;;;;;;x
b_bie-iv;Andulo;;;;;;;;;;;;;x
b_bie-v;Chicala;;;;;;;;;;;;;x
b_cuito_cuanavale;Cuito Cuanavale;;;;;;;;;;;;;x
b_cuito_cuanavale-ii;Longa;;;;;;;;;;;;;x
b_cuito_cuanavale-iii;Mavinga;;;;;;;;;;;;;x
b_cuito_cuanavale-iv;Samucanda;;;;;;;;;;;;;x
b_cuito_cuanavale-v;Caricango;;;;;;;;;;;;;x
d_namaqualand;Namaland;;;;;;;;;;;;;x
b_springbok-ii;Springbok;;;;;;;;;;;;;x
b_springbok-iii;Steinkopf;;;;;;;;;;;;;x
b_springbok-iv;Nigramoep;;;;;;;;;;;;;x
b_springbok-v;Gamoep;;;;;;;;;;;;;x
b_calvinia;Calvinia;;;;;;;;;;;;;x
b_calvinia-ii;Brakputs;;;;;;;;;;;;;x
b_calvinia-iii;Doringbos;;;;;;;;;;;;;x
b_calvinia-iv;Middelpos;;;;;;;;;;;;;x
b_calvinia-v;Wuppertal;;;;;;;;;;;;;x
b_upington;Upington;;;;;;;;;;;;;x
b_upington-ii;Keimoes;;;;;;;;;;;;;x
b_upington-iii;Kakamas;;;;;;;;;;;;;x
b_upington-iv;Groblershoop;;;;;;;;;;;;;x
b_upington-v;Kenhardt;;;;;;;;;;;;;x
b_ebhofolo;Ebhofolo;;;;;;;;;;;;;x
b_ebhofolo-ii;Rietbron;;;;;;;;;;;;;x
b_ebhofolo-iii;Nelspoort;;;;;;;;;;;;;x
b_ebhofolo-iv;Leeu Gamka;;;;;;;;;;;;;x
b_ebhofolo-v;Meltonwald;;;;;;;;;;;;;x
d_zululand;Zululand;;;;;;;;;;;;;x
b_lesotho;Maseru;;;;;;;;;;;;;x
b_lesotho-ii;Mokhotlong;;;;;;;;;;;;;x
b_lesotho-iii;Quthing;;;;;;;;;;;;;x
b_lesotho-iv;Mapoteng;;;;;;;;;;;;;x
b_lesotho-v;Morija;;;;;;;;;;;;;x
b_kwazulu;Kwazulu;;;;;;;;;;;;;x
b_kwazulu-ii;Mongu;;;;;;;;;;;;;x
b_kwazulu-iii;Mongu;;;;;;;;;;;;;x
b_kwazulu-iv;Mongu;;;;;;;;;;;;;x
b_kwazulu-v;Mongu;;;;;;;;;;;;;x
b_eswatini;Mbabane;;;;;;;;;;;;;x
b_eswatini-ii;Lobamba;;;;;;;;;;;;;x
b_eswatini-iii;Hlambanyatsi;;;;;;;;;;;;;x
b_eswatini-iv;Mahamba;;;;;;;;;;;;;x
b_eswatini-v;Kazombodze;;;;;;;;;;;;;x
b_mbazwana;Mbazwana;;;;;;;;;;;;;x
b_mbazwana-ii;Hagaza;;;;;;;;;;;;;x
b_mbazwana-iii;Mazibomvu;;;;;;;;;;;;;x
b_mbazwana-iv;Olakeni;;;;;;;;;;;;;x
b_mbazwana-v;Mtanenkosi;;;;;;;;;;;;;x
d_soweto;Soweto;;;;;;;;;;;;;x
b_mthatha;Mthatha;;;;;;;;;;;;;x
b_mthatha-ii;Sibangweni;;;;;;;;;;;;;x
b_mthatha-iii;Langeni;;;;;;;;;;;;;x
b_mthatha-iv;Qweqwe;;;;;;;;;;;;;x
b_mthatha-v;Ngqeleni;;;;;;;;;;;;;x
b_komani;Komani;;;;;;;;;;;;;x
b_komani-ii;Matyhantya;;;;;;;;;;;;;x
b_komani-iii;Kwadukatole;;;;;;;;;;;;;x
b_komani-iv;Cathcart;;;;;;;;;;;;;x
b_komani-v;Ilinge;;;;;;;;;;;;;x
b_gqeberha;Gqeberha;;;;;;;;;;;;;x
b_gqeberha-ii;Ibhayi;;;;;;;;;;;;;x
b_gqeberha-iii;Kariega;;;;;;;;;;;;;x
b_gqeberha-iv;Addo;;;;;;;;;;;;;x
b_gqeberha-v;Nanaga;;;;;;;;;;;;;x
b_rustenburg-ii;Rustenburg;;;;;;;;;;;;;x
b_rustenburg-iii;Tlhabane;;;;;;;;;;;;;x
b_rustenburg-iv;Mfidikoe;;;;;;;;;;;;;x
b_rustenburg-v;Kanana;;;;;;;;;;;;;x
b_mahikeng;Mahikeng;;;;;;;;;;;;;x
b_mahikeng-ii;Mmbatho;;;;;;;;;;;;;x
b_mahikeng-iii;Magogoe;;;;;;;;;;;;;x
b_mahikeng-iv;Tsetse;;;;;;;;;;;;;x
b_mahikeng-v;Lothakane;;;;;;;;;;;;;x
b_polokwane;Polokwane;;;;;;;;;;;;;x
b_polokwane-ii;Ga-Hlahla;;;;;;;;;;;;;x
b_polokwane-iii;Mphakane;;;;;;;;;;;;;x
b_polokwane-iv;Mankweng;;;;;;;;;;;;;x
b_polokwane-v;Ga-Molepo;;;;;;;;;;;;;x